Id,AttemptDate,StorageRootId,RelativePath,ErrorMessage,ProfileName,WorkerName,Success,Quality,OldSizeBytes,NewSizeBytes
3892,2026-05-09 00:15:23.654594,1,Dancing with the Stars/Season 33/Dancing with the Stars - S33E05 - Dedication Night HDTV-720p.mkv,,SVT-AV1 P6 FG8 >480p,larry-worker-3,True,26,1158676480,934639145
4129,2026-05-09 11:37:50.596234,1,Rooster/Season 1/Rooster - S01E08 - Nobody Spook It WEBDL-720p.mkv,,SVT-AV1 P6 FG8 >480p,larry-worker-3,True,26,1032427929,124104152
5967,2026-05-13 15:05:47.198278,1,The Amazing Race/Season 38/The Amazing Race - S38E07 - It Feels Like Falling the Whole Time WEBDL-480p.mp4,,Remux,I9-2024,True,0,564972748,545454920
6774,2026-05-13 20:32:25.786124,1,Banshee/Season 4/Banshee - S04E08 - Requiem SDTV.mp4,,Remux,wakko-worker-1,True,0,509398220,514308816
6859,2026-05-13 21:02:14.087616,1,"Homestead Rescue - Raney Ranch/Season 1/Homestead Rescue - Raney Ranch - S01E02 - One if by River, Two if by Air SDTV.mp4",,Remux,wakko-worker-1,True,0,466826035,466561534
7056,2026-05-13 21:52:57.447986,1,Tell Me Lies/Season 1/Tell Me Lies - S01E02 - Hot-Blooded WEBRip-480p.mp4,,Remux,I9-2024,True,0,454662553,411347142
7110,2026-05-13 22:17:28.782611,1,Star Trek - Strange New Worlds/Season 3/Star Trek - Strange New Worlds - S03E04 - A Space Adventure Hour WEBDL-480p.mp4,,Remux,larry-worker-5,True,0,427714150,450418833
7287,2026-05-13 23:08:43.501832,1,Good American Family/Season 1/Good American Family - S01E04 - Right There in Black and White WEBDL-480p.mp4,,Remux,larry-worker-7,True,0,413034086,434453734
7810,2026-05-14 00:31:48.686760,1,Dancing with the Stars/Season 34/Dancing with the Stars - S34E07 - Halloween Night WEBDL-480p.mp4,,Remux,wakko-worker-4,True,0,771542220,808185944
7813,2026-05-14 00:32:39.090303,1,Dancing with the Stars/Season 34/Dancing with the Stars - S34E06 - Wicked Night WEBDL-480p.mp4,,Remux,wakko-worker-1,True,0,770179072,806773041
9004,2026-05-14 14:57:51.626805,1,Homestead Rescue - Raney Ranch/Season 1/Homestead Rescue - Raney Ranch - S01E03 - Raney Days Are A-Comin' SDTV.mp4,C29 cleanup 2026-07-21: pre-C29 PostFlightRegistry mode-inference bug orphaned .inprogress; encode succeeded but MediaFiles never updated; .inprogress file deleted,Remux,larry-worker-7,True,0,472593203,472317706
9224,2026-05-14 15:27:59.846784,1,Madam Secretary/Season 4/Madam Secretary - S04E02 - Off the Record WEBRip-480p.mp4,C29 cleanup 2026-07-21: pre-C29 PostFlightRegistry mode-inference bug orphaned .inprogress; encode succeeded but MediaFiles never updated; .inprogress file deleted,Remux,wakko-worker-4,True,0,397095731,396959121
9288,2026-05-14 15:38:14.613612,1,Outer Banks/Season 2/Outer Banks - S02E02 - The Heist WEBRip-480p.mp4,C29 cleanup 2026-07-21: pre-C29 PostFlightRegistry mode-inference bug orphaned .inprogress; encode succeeded but MediaFiles never updated; .inprogress file deleted,Remux,wakko-worker-4,True,0,380108800,379952707
9505,2026-05-14 15:53:40.310566,1,Paradise (2025)/Season 1/Paradise (2025) - S01E03 - The Architect of Social Well-Being WEBDL-480p.mp4,C29 cleanup 2026-07-21: pre-C29 PostFlightRegistry mode-inference bug orphaned .inprogress; encode succeeded but MediaFiles never updated; .inprogress file deleted,Remux,I9-2024,True,0,445959372,469090765
9566,2026-05-14 16:04:34.906646,1,The Expanse/Season 4/The Expanse - S04E09 - Saeculum WEBRip-480p.mp4,C29 cleanup 2026-07-21: pre-C29 PostFlightRegistry mode-inference bug orphaned .inprogress; encode succeeded but MediaFiles never updated; .inprogress file deleted,Remux,wakko-worker-1,True,0,438829056,397192996
10012,2026-05-14 16:27:30.761471,1,Yellowstone - One-Fifty/Season 1/Yellowstone - One-Fifty - S01E01 - A Magical Place WEBRip-480p.mp4,C29 cleanup 2026-07-21: pre-C29 PostFlightRegistry mode-inference bug orphaned .inprogress; encode succeeded but MediaFiles never updated; .inprogress file deleted,Remux,I9-2024,True,0,434425036,392049234
10022,2026-05-14 16:31:33.682251,1,Love Is Blind/Season 3/Love Is Blind - S03E02 - Love Triangles and Love Triumphs WEBRip-480p.mp4,C29 cleanup 2026-07-21: pre-C29 PostFlightRegistry mode-inference bug orphaned .inprogress; encode succeeded but MediaFiles never updated; .inprogress file deleted,Remux,I9-2024,True,0,433271603,433082656
10029,2026-05-14 16:33:28.427713,1,Ginny & Georgia/Season 2/Ginny & Georgia - S02E09 - Kill Gil WEBRip-480p.mp4,C29 cleanup 2026-07-21: pre-C29 PostFlightRegistry mode-inference bug orphaned .inprogress; encode succeeded but MediaFiles never updated; .inprogress file deleted,Remux,larry-worker-5,True,0,432852172,432706650
13551,2026-05-15 03:51:26.827845,1,Digimon Beatbreak/Season 1/Digimon Beatbreak - S01E22 - TBA WEBDL-480p.mkv,,Remux,I9-2024,True,0,268645171,261165245
14590,2026-05-15 05:13:59.794981,1,Breaking Bad/Season 4/Breaking Bad - S04E11 - Crawl Space SDTV.mp4,,Remux,I9-2024,True,0,247988224,270662350
14667,2026-05-15 05:21:49.424427,1,Breaking Bad/Season 4/Breaking Bad - S04E10 - Salud SDTV.mp4,,Remux,larry-worker-4,True,0,246100787,268939870
15495,2026-05-15 12:20:02.575258,1,Breaking Bad/Season 5/Breaking Bad - S05E14 - Ozymandias WEBDL-480p.mkv,,Remux,I9-2024,True,0,215167795,203794873
15558,2026-05-15 12:25:22.054945,1,Breaking Bad/Season 4/Breaking Bad - S04E04 - Bullet Points SDTV.mp4,,Remux,larry-worker-1,True,0,213804646,235634690
15734,2026-05-15 12:46:42.848477,1,Breaking Bad/Season 4/Breaking Bad - S04E08 - Hermanos SDTV.mp4,,Remux,I9-2024,True,0,220620390,243474556
16049,2026-05-16 08:54:40.844594,1,Wizards of Waverly Place/Season 1/Wizards of Waverly Place - S01E07 - Alex's Choice WEBDL-480p.mkv,,Remux,dot-worker-3,True,0,208754608,209311032
16050,2026-05-16 08:54:40.395210,1,Wizards of Waverly Place/Season 1/Wizards of Waverly Place - S01E03 - I Almost Drowned in a Chocolate Fountain WEBDL-480p.mkv,,Remux,dot-worker-2,True,0,208665970,209250651
16053,2026-05-16 08:54:52.663617,1,Wizards of Waverly Place/Season 1/Wizards of Waverly Place - S01E09 - Movies WEBDL-480p.mkv,,Remux,I9-2024,True,0,208764931,209343215
16054,2026-05-16 08:55:35.065753,1,Wizards of Waverly Place/Season 1/Wizards of Waverly Place - S01E05 - Disenchanted Evening WEBDL-480p.mkv,,Remux,I9-2024,True,0,208915084,209302281
16055,2026-05-16 08:55:39.880084,1,Wizards of Waverly Place/Season 1/Wizards of Waverly Place - S01E06 - You Can't Always Get What You Carpet WEBDL-480p.mkv,,Remux,I9-2024,True,0,206578484,207112699
16056,2026-05-16 08:55:40.051642,1,Wizards of Waverly Place/Season 1/Wizards of Waverly Place - S01E11 - Potion Commotion WEBDL-480p.mkv,,Remux,I9-2024,True,0,208654669,209216490
16059,2026-05-16 08:55:48.892127,1,Wizards of Waverly Place/Season 1/Wizards of Waverly Place - S01E15 - The Supernatural WEBDL-480p.mkv,,Remux,larry-worker-6,True,0,208805063,209376407
16061,2026-05-16 08:56:03.022218,1,Wizards of Waverly Place/Season 1/Wizards of Waverly Place - S01E17 - Report Card WEBDL-480p.mkv,,Remux,larry-worker-7,True,0,208689110,209256609
16181,2026-05-16 09:18:10.393359,1,Wizards of Waverly Place/Season 1/Wizards of Waverly Place - S01E18 - Credit Check WEBDL-480p.mkv,,Remux,larry-worker-8,True,0,208705480,209268924
16183,2026-05-16 09:18:10.741572,1,Wizards of Waverly Place/Season 2/Wizards of Waverly Place - S02E07 - Saving Wiz Tech (2) WEBDL-480p.mkv,,Remux,larry-worker-6,True,0,204219329,204766587
16184,2026-05-16 09:18:10.729310,1,Wizards of Waverly Place/Season 1/Wizards of Waverly Place - S01E20 - Quinceañera WEBDL-480p.mkv,,Remux,larry-worker-6,True,0,208708657,209301561
16189,2026-05-16 09:18:18.399777,1,Wizards of Waverly Place/Season 2/Wizards of Waverly Place - S02E17 - Alex Does Good WEBDL-480p.mkv,,Remux,larry-worker-1,True,0,208803208,209372202
19351,2026-05-22 14:30:12.582954,1,Breaking Bad/Season 5/Breaking Bad - S05E15 - Granite State WEBDL-480p.mkv,,Remux,dot-worker-2,True,0,192320128,193179750
19816,2026-05-22 15:37:21.929999,1,The Real Housewives of Beverly Hills/Season 15/The Real Housewives of Beverly Hills - S15E20 - Reunion Part 2 WEBDL-720p.mkv,,Remux,dot-worker-2,True,0,289584648,290664232
21149,2026-05-22 19:45:33.725599,1,How I Met Your Mother/Season 4/How I Met Your Mother - S04E06 - Happily Ever After WEBDL-720p.mkv,C29 cleanup 2026-07-21: pre-C29 PostFlightRegistry mode-inference bug orphaned .inprogress; encode succeeded but MediaFiles never updated; .inprogress file deleted,Remux,I9-2024,True,0,78498048,79095027
21251,2026-05-22 19:51:27.169702,1,Adventure Time/Season 5/Adventure Time - S05E20 - Shh! Bluray-480p.mkv,C29 cleanup 2026-07-21: pre-C29 PostFlightRegistry mode-inference bug orphaned .inprogress; encode succeeded but MediaFiles never updated; .inprogress file deleted,Remux,I9-2024,True,0,51119361,51602221
21666,2026-05-22 22:43:41.666297,1,My Life as a Teenage Robot/Season 3/My Life as a Teenage Robot - S03E16 - Trash Talk DVD.mkv,C29 cleanup 2026-07-21: pre-C29 PostFlightRegistry mode-inference bug orphaned .inprogress; encode succeeded but MediaFiles never updated; .inprogress file deleted,Remux,I9-2024,True,0,98660221,96471413
21913,2026-05-22 23:10:12.579344,1,Obi-Wan Kenobi/Season 1/Obi-Wan Kenobi - S01E01 - Part I WEBRip-720p.mkv,,Remux,dot-worker-1,True,0,332805344,333005312
21929,2026-05-22 23:10:56.140659,1,Phineas and Ferb/Season 2/Phineas and Ferb - S02E04 - Attack of the 50 Foot Sister WEBDL-720p.mkv,,Remux,dot-worker-1,True,0,53439258,53894804
21931,2026-05-22 23:10:58.125861,1,The Dresden Files/Season 1/The Dresden Files - S01E05 - Bad Blood SDTV.mkv,,Remux,dot-worker-4,True,0,202310467,203232760
21935,2026-05-22 23:11:09.085407,1,Phineas and Ferb/Season 2/Phineas and Ferb - S02E33 - Picture This WEBDL-720p.mkv,,Remux,dot-worker-1,True,0,53363732,53795773
21945,2026-05-22 23:11:32.004605,1,Supernatural/Season 11/Supernatural - S11E09 - O Brother Where Art Thou HDTV-720p.mkv,,Remux,dot-worker-2,True,0,162658074,163875133
22004,2026-05-22 23:17:06.675186,1,How I Met Your Mother/Season 6/How I Met Your Mother - S06E08 - Natural History WEBDL-720p.mkv,,Remux,dot-worker-1,True,0,85056078,85685213
22019,2026-05-22 23:17:43.595791,1,You/Season 4/You - S04E01 - Joe Takes a Holiday WEBRip-720p.mkv,,Remux,dot-worker-3,True,0,307630427,306639512
22068,2026-05-22 23:21:34.850757,1,M-A-S-H/Season 2/M-A-S-H - S02E24 - A Smattering of Intelligence DVD.mkv,,Remux,dot-worker-4,True,0,183849112,183861775
22124,2026-05-22 23:26:05.476212,1,Phineas and Ferb/Season 2/Phineas and Ferb - S02E42 - Undercover Carl WEBDL-720p.mkv,,Remux,dot-worker-1,True,0,53368275,53829640
22157,2026-05-22 23:28:18.567177,1,Phineas and Ferb/Season 4/Phineas and Ferb - S04E28 - Cheers for Fears WEBDL-720p.mkv,,Remux,larry-worker-4,True,0,53301761,53730988
22161,2026-05-22 23:28:33.326537,1,Phineas and Ferb/Season 2/Phineas and Ferb - S02E24 - Spa Day WEBDL-720p.mkv,,Remux,larry-worker-4,True,0,53301749,53715592
22196,2026-05-22 23:32:57.090676,1,Dennis the Menace/Season 2/Dennis the Menace - S02E19 - Wilson Sleeps Over SDTV.mkv,,Remux,larry-worker-4,True,0,59565835,60081322
22215,2026-05-22 23:33:57.292702,1,Silo/Season 1/Silo - S01E07 - The Flamekeepers WEBDL-480p.mkv,,Remux,dot-worker-4,True,0,130183530,130942052
22220,2026-05-22 23:34:05.536348,1,A Man in Full/Season 1/A Man in Full - S01E03 - The Takedown WEBDL-480p.mkv,,Remux,dot-worker-4,True,0,176776488,177476079
22241,2026-05-22 23:34:50.914421,1,Station Eleven/Season 1/Station Eleven - S01E03 - Hurricane WEBRip-480p.mkv,,Remux,dot-worker-1,True,0,168459467,169252623
22245,2026-05-22 23:35:03.339473,1,Wizards of Waverly Place/Season 2/Wizards of Waverly Place - S02E21 - Justin's New Girlfriend WEBDL-480p.mkv,,Remux,dot-worker-1,True,0,208767368,210265262
22268,2026-05-22 23:35:55.335878,1,Family Guy/Season 21/Family Guy - S21E07 - The Stewaway SDTV.mkv,,Remux,dot-worker-1,True,0,60455621,60938085
22269,2026-05-22 23:35:58.032305,1,Station Eleven/Season 1/Station Eleven - S01E01 - Wheel of Fire WEBRip-480p.mkv,,Remux,dot-worker-2,True,0,174798738,175531361
22275,2026-05-22 23:36:08.288682,1,House of Cards (US)/Season 5/House of Cards (US) - S05E12 - Chapter 64 Bluray-480p.mkv,,Remux,dot-worker-2,True,0,199429079,201668627
22327,2026-05-22 23:39:33.020805,1,Fargo/Season 4/Fargo - S04E01 - Welcome to the Alternate Economy WEBRip-720p.mkv,,Remux,dot-worker-4,True,0,367874230,368864858
22328,2026-05-22 23:39:37.334440,1,Fargo/Season 5/Fargo - S05E07 - Linda WEBDL-480p.mkv,,Remux,dot-worker-1,True,0,156065971,156840806
22361,2026-05-22 23:40:53.091123,1,Fargo/Season 3/Fargo - S03E10 - Somebody to Love WEBRip-720p.mkv,,Remux,dot-worker-1,True,0,198428618,199251910
22375,2026-05-22 23:41:31.474923,1,Scorpion/Season 1/Scorpion - S01E06 - True Colors Bluray-480p.mkv,,Remux,larry-worker-4,True,0,175054105,175564433
22397,2026-05-22 23:42:30.631152,1,Wentworth/Season 7/Wentworth - S07E08 - Protection WEBRip-480p.mkv,,Remux,larry-worker-4,True,0,148675190,149298324
22432,2026-05-22 23:44:27.703653,1,Cobra Kai/Season 3/Cobra Kai - S03E07 - Obstáculos WEBDL-480p.mkv,,Remux,dot-worker-2,True,0,174617121,175078988
22446,2026-05-22 23:45:00.399537,1,The Dragon Prince/Season 2/The Dragon Prince - S02E08 - The Book of Destiny WEBDL-480p.mkv,,Remux,dot-worker-1,True,0,202470176,202952023
22451,2026-05-22 23:45:18.677468,1,Velma/Season 1/Velma - S01E04 - Velma Makes a List WEBDL-480p.mkv,,Remux,larry-worker-4,True,0,147364732,147655679
22460,2026-05-22 23:45:58.998734,1,Star Wars Rebels/Season 3/Star Wars Rebels - S03E22 - Zero Hour (2) Bluray-480p.mkv,,Remux,larry-worker-4,True,0,119169156,120024010
22466,2026-05-22 23:46:21.673843,1,Fargo/Season 5/Fargo - S05E04 - Insolubilia WEBDL-480p.mkv,,Remux,larry-worker-4,True,0,122719646,123488136
22472,2026-05-22 23:46:42.299677,1,Game Changer/Season 4/Game Changer - S04E05 - The Official Cast Recording WEBDL-720p.mkv,,Remux,larry-worker-4,True,0,171349102,171894339
22473,2026-05-22 23:46:43.208339,1,That '70s Show/Season 5/That '70s Show - S05E12 - Misty Mountain Hop Bluray-480p.mkv,,Remux,dot-worker-1,True,0,157670749,158570850
22483,2026-05-22 23:47:20.349308,1,That '70s Show/Season 6/That '70s Show - S06E05 - I'm Free Bluray-480p.mkv,,Remux,dot-worker-1,True,0,146799485,147677001
22520,2026-05-22 23:48:38.232465,1,Wizards of Waverly Place/Season 2/Wizards of Waverly Place - S02E26 - Wizards vs. Vampires on Waverly Place WEBDL-480p.mkv,,Remux,dot-worker-4,True,0,208824577,210320203
22542,2026-05-22 23:49:24.145470,1,The Middle/Season 4/The Middle - S04E10 - Twenty Years WEBDL-480p.mkv,,Remux,larry-worker-4,True,0,147697018,148557204
22554,2026-05-22 23:49:56.860026,1,Krapopolis/Season 2 - Copy/Krapopolis - S02E15 - The Weather Stick SDTV.mkv,,Remux,dot-worker-2,True,0,71497481,71972317
22586,2026-05-22 23:52:03.267514,1,Longmire/Season 5/Longmire - S05E05 - Pure Peckinpah WEBRip-720p.mkv,,Remux,dot-worker-1,True,0,438117445,440558606
22679,2026-05-22 23:57:20.151219,1,Johnny Test/Season 4/Johnny Test - S04E26 - Johnny vs. The Mummy WEBDL-480p.mkv,,Remux,larry-worker-4,True,0,97510234,97884263
22696,2026-05-22 23:57:57.160064,1,Dennis the Menace/Season 4/Dennis the Menace - S04E26 - A Tax on Cats SDTV.mkv,,Remux,larry-worker-4,True,0,56073969,56584329
22778,2026-05-23 00:02:04.705105,1,Supernatural/Season 2/Supernatural - S02E04 - Children Shouldn't Play With Dead Things WEBDL-480p.mkv,,Remux,larry-worker-4,True,0,183075205,183736934
22839,2026-05-23 00:04:57.087170,1,Cobra Kai/Season 4/Cobra Kai - S04E08 - Party Time Bluray-480p.mkv,,Remux,larry-worker-4,True,0,171817642,172908940
22849,2026-05-23 00:05:19.469863,1,Black Clover/Season 1/Black Clover - S01E39 - Three-Leaf Salute SDTV.mkv,,Remux,larry-worker-4,True,0,97313209,98163448
22968,2026-05-23 00:32:17.447399,1,Phineas and Ferb/Season 3/Phineas and Ferb - S03E01 - The Great Indoors WEBDL-720p.mkv,,Remux,larry-worker-4,True,0,53395569,53820336
22984,2026-05-23 00:33:34.549113,1,Riverdale/Season 4/Riverdale - S04E17 - Chapter Seventy-Four - Wicked Little Town SDTV.mkv,,Remux,larry-worker-4,True,0,161087800,162547220
23021,2026-05-23 00:38:36.783552,1,Dennis the Menace/Season 2/Dennis the Menace - S02E25 - Dennis and the Good Example SDTV.mkv,,Remux,larry-worker-4,True,0,59726283,60245148
23022,2026-05-23 00:38:39.781656,1,Madam Secretary/Season 3/Madam Secretary - S03E16 - Swept Away WEBDL-480p.mkv,,Remux,larry-worker-4,True,0,195790155,196479431
23028,2026-05-23 00:38:53.877867,1,Dennis the Menace/Season 2/Dennis the Menace - S02E29 - The Boy Wonder SDTV.mkv,,Remux,larry-worker-4,True,0,59651093,60168199
23032,2026-05-23 00:39:04.773547,1,Dennis the Menace/Season 3/Dennis the Menace - S03E02 - Best Neighbor SDTV.mkv,,Remux,larry-worker-4,True,0,62114685,62627500
23044,2026-05-23 00:39:39.810737,1,Dennis the Menace/Season 4/Dennis the Menace - S04E34 - The Lucky Rabbit's Foot SDTV.mkv,,Remux,larry-worker-4,True,0,55908525,56418844
23082,2026-05-23 00:42:56.921615,1,Silo/Season 1/Silo - S01E10 - Outside WEBDL-480p.mkv,,Remux,larry-worker-4,True,0,132133928,132845840
23151,2026-05-23 00:52:06.168267,1,The Mandalorian/Season 3/The Mandalorian - S03E02 - Chapter 18 - The Mines of Mandalore WEBDL-480p.mkv,,Remux,larry-worker-4,True,0,143557746,144278908
23170,2026-05-23 00:54:20.375944,1,The Walking Dead/Season 3/The Walking Dead - S03E02 - Sick Bluray-720p.mkv,,Remux,larry-worker-4,True,0,389764563,396370962
23187,2026-05-23 00:55:44.585113,1,Designated Survivor/Season 1/Designated Survivor - S01E20 - Bombshell WEBDL-720p.mkv,,Remux,larry-worker-4,True,0,206214137,206855631
23204,2026-05-23 00:57:22.195750,1,Boardwalk Empire/Season 5/Boardwalk Empire - S05E04 - Cuanto Bluray-720p.mkv,C29 cleanup 2026-07-21: pre-C29 PostFlightRegistry mode-inference bug orphaned .inprogress; encode succeeded but MediaFiles never updated; .inprogress file deleted,Remux,I9-2024,True,0,311779983,312702458
23219,2026-05-23 00:58:05.528514,1,Dennis the Menace/Season 3/Dennis the Menace - S03E12 - The Fifteen Foot Christmas Tree SDTV.mkv,,Remux,larry-worker-4,True,0,62181160,62698029
23221,2026-05-23 00:58:10.524594,1,"My Hero Academia/Season 3/My Hero Academia - S03E05 - Drive It Home, Iron Fist!!! HDTV-720p.mkv",,Remux,larry-worker-4,True,0,257069527,243341965
23240,2026-05-23 00:59:24.466693,1,My Hero Academia/Season 3/My Hero Academia - S03E01 - Game Start HDTV-720p.mkv,,Remux,larry-worker-4,True,0,278979368,265251113
23287,2026-05-23 01:02:01.014957,1,Black Clover/Season 1/Black Clover - S01E17 - Destroyer SDTV.mkv,,Remux,larry-worker-4,True,0,135917216,136750894
23292,2026-05-23 01:02:10.830761,1,Dennis the Menace/Season 3/Dennis the Menace - S03E14 - Through Thick and Thin SDTV.mkv,,Remux,larry-worker-4,True,0,61989428,62500490
23396,2026-05-23 01:07:28.120084,1,"Phineas and Ferb/Season 2/Phineas and Ferb - S02E07 - Elementary, My Dear Stacy WEBDL-720p.mkv",,Remux,larry-worker-4,True,0,53323274,53762298
23410,2026-05-23 01:08:11.088944,1,iZombie/Season 2/iZombie - S02E19 - Salivation Army WEBDL-480p.mkv,,Remux,larry-worker-4,True,0,167297894,167959074
23441,2026-05-23 01:09:45.284643,1,Crazy Ex-Girlfriend/Season 4/Crazy Ex-Girlfriend - S04E02 - I Am Ashamed WEBDL-480p.mkv,,Remux,larry-worker-4,True,0,189698084,190359371
23454,2026-05-23 01:10:22.436009,1,Welcome to Flatch/Season 2/Welcome to Flatch - S02E01 - Welcome to (Barb) Flatch SDTV.mkv,,Remux,larry-worker-4,True,0,140802873,141265678
23456,2026-05-23 01:10:28.806280,1,iZombie/Season 3/iZombie - S03E13 - Looking for Mr. Goodbrain (2) WEBDL-720p.mkv,,Remux,larry-worker-4,True,0,296990190,297640182
23459,2026-05-23 01:10:42.773115,1,Made in Abyss/Season 1/Made in Abyss - S01E11 - Nanachi Bluray-480p.mkv,,Remux,larry-worker-4,True,0,93839583,94269055
23471,2026-05-23 01:11:23.582520,1,Doctor Who (2005)/Season 7/Doctor Who (2005) - S07E01 - Asylum of the Daleks Bluray-720p.mkv,,Remux,dot-worker-3,True,0,355291685,356976641
23489,2026-05-23 01:11:50.206043,1,Fullmetal Alchemist/Season 1/Fullmetal Alchemist - S01E35 - Reunion of Fools Bluray-480p.mkv,,Remux,dot-worker-3,True,0,198287314,177600968
23494,2026-05-23 01:11:57.094151,1,Pokémon/Season 17/Pokémon - S17E46 - Facing the Needs of the Many! HDTV-720p_temp_replacement.mkv,,Remux,dot-worker-1,True,0,170611218,171524556
23498,2026-05-23 01:12:06.687864,1,The Mandalorian/Season 1/The Mandalorian - S01E07 - Chapter 7 - The Reckoning WEBRip-720p.mkv,,Remux,dot-worker-3,True,0,187155765,187998075
23522,2026-05-23 01:12:46.946534,1,Pokémon/Season 18/Pokémon - S18E19 - A Guardian Rematch HDTV-720p.mkv,,Remux,dot-worker-2,True,0,64561065,64911049
23531,2026-05-23 01:13:01.356569,1,Welcome to Flatch/Season 2/Welcome to Flatch - S02E03 - Maniflatch Destiny SDTV.mkv,,Remux,larry-worker-4,True,0,119118142,119575175
23534,2026-05-23 01:13:07.404405,1,Pokémon/Season 18/Pokémon - S18E124 - Living on the Cutting Edge! HDTV-720p.mkv,,Remux,dot-worker-3,True,0,61981063,62330200
23546,2026-05-23 01:13:19.102708,1,The Mindy Project/Season 5/The Mindy Project - S05E06 - Concord WEBDL-480p.mkv,,Remux,dot-worker-3,True,0,132502900,133077313
23547,2026-05-23 01:13:19.384327,1,"Pokémon/Season 18/Pokémon - S18E21 - One Journey Ends, Another Begins WEBDL-720p.mkv",,Remux,dot-worker-1,True,0,51243513,51596521
23552,2026-05-23 01:13:28.711373,1,Pokémon/Season 18/Pokémon - S18E71 - Dewpider Ascending! WEBDL-720p.mkv,,Remux,larry-worker-4,True,0,53178822,53532377
23568,2026-05-23 01:13:47.908591,1,Phineas and Ferb/Season 4/Phineas and Ferb - S04E30 - Just Our Luck WEBDL-720p.mkv,,Remux,dot-worker-3,True,0,53297040,53706885
23590,2026-05-23 01:14:23.949396,1,Grey's Anatomy/Season 18/Grey's Anatomy - S18E17 - I'll Cover You WEBRip-720p.mkv,,Remux,larry-worker-4,True,0,308393419,309020356
23647,2026-05-23 01:15:56.950457,1,Phineas and Ferb/Season 3/Phineas and Ferb - S03E53 - Doofapus WEBDL-720p.mkv,,Remux,dot-worker-2,True,0,53333567,53777201
23655,2026-05-23 01:16:11.113400,1,Yellowjackets/Season 2/Yellowjackets - S02E05 - Two Truths and a Lie WEBRip-720p.mkv,,Remux,dot-worker-1,True,0,355166137,356071009
23660,2026-05-23 01:16:21.069542,1,Adventure Time/Season 2/Adventure Time - S02E04 - Blood Under the Skin Bluray-480p.mkv,,Remux,dot-worker-1,True,0,64606114,65088003
23668,2026-05-23 01:16:36.106502,1,Ted Lasso/Season 2/Ted Lasso - S02E07 - Headspace HDTV-720p.mkv,,Remux,dot-worker-3,True,0,209285188,209841680
23669,2026-05-23 01:16:36.083028,1,Good Girls/Season 3/Good Girls - S03E09 - Incentive WEBRip-720p.mkv,,Remux,dot-worker-2,True,0,195186314,195908231
23678,2026-05-23 01:16:56.351476,1,"Black Butler/Season 5/Black Butler - S05E13 - His Butler, Submerged WEBDL-480p.mkv",,Remux,dot-worker-3,True,0,94900618,95435629
23681,2026-05-23 01:17:01.526323,1,Adventure Time/Season 5/Adventure Time - S05E38 - Red Starved Bluray-480p.mkv,,Remux,larry-worker-4,True,0,43919016,44403319
23683,2026-05-23 01:17:01.788622,1,True Detective/Season 3/True Detective - S03E02 - Kiss Tomorrow Goodbye WEBRip-480p Proper.mkv,,Remux,dot-worker-3,True,0,202543613,203485087
23696,2026-05-23 01:17:23.108162,1,Sonic X/Season 1/Sonic X - S01E19 - Sonic's Scream Test Bluray-480p.mkv,,Remux,larry-worker-4,True,0,194743739,192487386
23699,2026-05-23 01:17:27.221095,1,Doctor Who (2005)/Season 13/Doctor Who (2005) - S13E04 - Village of the Angels (4) Bluray-720p.mkv,,Remux,dot-worker-3,True,0,359584238,360648820
23780,2026-05-23 01:21:21.765077,1,Gravity Falls/Season 2/Gravity Falls - S02E04 - Sock Opera Bluray-480p.mkv,,Remux,dot-worker-1,True,0,126252404,127134555
23781,2026-05-23 01:21:23.342356,1,Phineas and Ferb/Season 4/Phineas and Ferb - S04E23 - Thanks But No Thanks WEBDL-720p.mkv,,Remux,larry-worker-4,True,0,53211709,53658545
23805,2026-05-23 01:22:15.407587,1,Date A Live/Season 3/Date A Live - S03E01 - The Seventh Spirit Bluray-480p.mkv,,Remux,dot-worker-3,True,0,97308775,97696109
23809,2026-05-23 01:22:27.656600,1,The White Lotus/Season 2/The White Lotus - S02E07 - Arrivederci WEBDL-720p.mkv,,Remux,larry-worker-4,True,0,436515549,437738766
23816,2026-05-23 01:22:45.623644,1,Dennis the Menace/Season 2/Dennis the Menace - S02E37 - Father's Day for Mr. Wilson SDTV.mkv,,Remux,larry-worker-4,True,0,59391545,59910098
23818,2026-05-23 01:22:51.565165,1,The Garfield Show/Season 4/The Garfield Show - S04E33-E34 - Bewitched - The Hall of Witchdom (Part 4) + Bewitched - Bewitched & bewildered (Part 5) WEBDL-480p.mkv,,Remux,dot-worker-3,True,0,114209811,114581635
23843,2026-05-23 01:24:17.791952,1,Santa Clarita Diet/Season 1/Santa Clarita Diet - S01E05 - Man Eat Man WEBRip-720p.mkv,,Remux,larry-worker-4,True,0,164340621,164840584
23849,2026-05-23 01:24:27.778926,1,Station Eleven/Season 1/Station Eleven - S01E04 - Rosencrantz and Guildenstern Aren't Dead WEBRip-480p.mkv,,Remux,larry-worker-4,True,0,197538485,198251531
23861,2026-05-23 01:25:06.371079,1,Dennis the Menace/Season 2/Dennis the Menace - S02E36 - The Pioneers SDTV.mkv,,Remux,dot-worker-2,True,0,59690220,60209448
23865,2026-05-23 01:25:22.589194,1,Fullmetal Alchemist/Season 1/Fullmetal Alchemist - S01E49 - The Other Side of the Gate Bluray-480p.mkv,,Remux,dot-worker-1,True,0,193673066,173073342
23881,2026-05-23 01:26:16.918080,1,Black Clover/Season 1/Black Clover - S01E170 - The Faraway Future SDTV.mkv,,Remux,larry-worker-4,True,0,88972097,89811664
23929,2026-05-23 01:29:33.155937,1,Game Changer/Season 7/Game Changer - S07E11 - Samalamadingdong HDTV-720p.mkv,,Remux,larry-worker-4,True,0,309641440,310777138
23937,2026-05-23 01:30:17.505334,1,Stargate SG-1/Season 3/Stargate SG-1 - S03E04 - Legacy HDTV-720p.mkv,,Remux,dot-worker-2,True,0,207526440,208145226
23979,2026-05-23 01:32:28.491538,1,Sharp Objects/Season 1/Sharp Objects - S01E08 - Milk SDTV.mkv,,Remux,larry-worker-4,True,0,161546597,162337801
23981,2026-05-23 01:32:33.091871,1,Call the Midwife/Season 7/Call the Midwife - S07E05 - Episode 5 WEBDL-720p.mkv,,Remux,larry-worker-4,True,0,390681679,391536728
24002,2026-05-23 01:33:22.340295,1,Dennis the Menace/Season 4/Dennis the Menace - S04E14 - My Uncle Ned SDTV.mkv,,Remux,larry-worker-4,True,0,56023891,56532401
24008,2026-05-23 01:33:47.438969,1,One-Punch Man/Season 1/One-Punch Man - S01E10 - Unparalleled Peril SDTV.mkv,,Remux,larry-worker-4,True,0,113638402,114475385
24018,2026-05-23 01:34:15.448993,1,Black Clover/Season 1/Black Clover - S01E143 - The Tilted Scale SDTV.mkv,,Remux,larry-worker-4,True,0,81568951,82423940
24033,2026-05-23 01:35:40.444596,1,Black Clover/Season 1/Black Clover - S01E144 - Those Who Wish to Destroy Devils SDTV.mkv,,Remux,larry-worker-4,True,0,75249963,76108269
24061,2026-05-23 01:36:59.817754,1,Dennis the Menace/Season 3/Dennis the Menace - S03E36 - The Club Initiation SDTV.mkv,,Remux,larry-worker-4,True,0,62418484,62932754
24085,2026-05-23 01:38:52.619827,1,Black Clover/Season 1/Black Clover - S01E38 - The Magic Knights Captain Conference SDTV.mkv,,Remux,larry-worker-4,True,0,78203222,79055138
24097,2026-05-23 01:39:19.751703,1,Squid Girl/Season 1/Squid Girl - S01E08 - Aren't You A Squiddle Under the Weather! + Ink That A New Ability! + Squidn't You Bring An Umbrella DVD.mkv,,Remux,larry-worker-4,True,0,166084545,144925283
24104,2026-05-23 01:39:29.145859,1,Dennis the Menace/Season 3/Dennis the Menace - S03E32 - Dennis' Lovesick Friend SDTV.mkv,,Remux,dot-worker-2,True,0,62165298,62678668
24105,2026-05-23 01:39:30.258501,1,Dennis the Menace/Season 3/Dennis the Menace - S03E04 - Mr. Wilson's Safe SDTV.mkv,,Remux,dot-worker-3,True,0,62176313,62686334
24120,2026-05-23 01:39:56.670383,1,The Handmaid's Tale/Season 6/The Handmaid's Tale - S06E07 - Shattered SDTV.mkv,,Remux,dot-worker-2,True,0,124547813,125447826
24122,2026-05-23 01:40:00.642937,1,Regular Show/Season 1/Regular Show - S01E06 - Meat Your Maker Bluray-480p.mkv,,Remux,dot-worker-3,True,0,68294993,68749865
24130,2026-05-23 01:40:19.264505,1,One-Punch Man/Season 1/One-Punch Man - S01E04 - The Modern Ninja SDTV.mkv,,Remux,dot-worker-3,True,0,131116490,131949540
24153,2026-05-23 01:42:17.799576,1,"Dennis the Menace/Season 4/Dennis the Menace - S04E17 - Dennis, the Rain Maker SDTV.mkv",,Remux,larry-worker-4,True,0,55941751,56454928
24159,2026-05-23 01:42:33.834671,1,Black Clover/Season 1/Black Clover - S01E52 - Whoever's Strongest Wins SDTV.mkv,,Remux,larry-worker-4,True,0,95945811,96798533
24219,2026-05-23 01:47:39.242607,1,Dennis the Menace/Season 4/Dennis the Menace - S04E05 - Poor Mr. Wilson SDTV.mkv,,Remux,dot-worker-3,True,0,56106300,56615995
24226,2026-05-23 01:48:23.997011,1,Wizards of Waverly Place/Season 2/Wizards of Waverly Place - S02E23 - Paint by Committee WEBDL-480p.mkv,,Remux,larry-worker-4,True,0,208829935,210325094
24306,2026-05-23 01:54:41.023156,1,Fullmetal Alchemist/Season 1/Fullmetal Alchemist - S01E24 - Bonding Memories Bluray-480p.mkv,,Remux,larry-worker-4,True,0,201010701,179711962
24331,2026-05-23 01:56:25.970335,1,The Ren & Stimpy Show/Season 4/The Ren & Stimpy Show - S04E07 - Farm Hands DVD.mkv,C29 cleanup 2026-07-21: pre-C29 PostFlightRegistry mode-inference bug orphaned .inprogress; encode succeeded but MediaFiles never updated; .inprogress file deleted,Remux,I9-2024,True,0,96949910,97294748
24351,2026-05-23 01:57:34.445035,1,The Handmaid's Tale/Season 2/The Handmaid's Tale - S02E12 - Postpartum WEBRip-480p.mkv,,Remux,dot-worker-1,True,0,108739709,109636700
24401,2026-05-23 02:00:31.049608,1,Dennis the Menace/Season 2/Dennis the Menace - S02E24 - Dennis and the Fishing Rod SDTV.mkv,,Remux,dot-worker-2,True,0,59662159,60179016
24414,2026-05-23 02:01:15.029265,1,The Garfield Show/Season 2/The Garfield Show - S02E03 - The Art of Being Uncute WEBDL-720pOptimized.mkv,,Remux,dot-worker-2,True,0,91402896,91730289
24428,2026-05-23 02:01:58.237255,1,Wizards of Waverly Place/Season 2/Wizards of Waverly Place - S02E04 - Racing WEBDL-480p.mkv,,Remux,larry-worker-4,True,0,208800504,210289922
24478,2026-05-23 02:04:21.294662,1,The Boys/Season 1/The Boys - S01E06 - The Innocents Bluray-720p.mkv,,Remux,dot-worker-1,True,0,390736050,391675669
24510,2026-05-23 02:06:06.485900,1,The Handmaid's Tale/Season 3/The Handmaid's Tale - S03E04 - God Bless the Child SDTV.mkv,,Remux,dot-worker-1,True,0,141173360,143195349
24712,2026-05-23 02:16:39.286803,1,Welcome to Flatch/Season 1/Welcome to Flatch - S01E13 - Pyramid Scheme SDTV.mkv,,Remux,larry-worker-4,True,0,109497702,109962759
24720,2026-05-23 02:17:04.314512,1,Impractical Jokers/Season 12/Impractical Jokers - S12E03 - Facial Awareness WEBDL-480p.mkv,,Remux,larry-worker-4,True,0,113623355,114608635
25494,2026-05-23 03:48:16.847999,1,Westworld/Season 4/Westworld - S04E06 - Fidelity Bluray-1080p Proper.mkv,,Remux,I9-2024,True,0,6034741061,4824444215
25755,2026-05-23 05:17:03.739354,1,The Brilliant Healer's New Life in the Shadows/Season 1/The Brilliant Healer's New Life in the Shadows - S01E01 - An Equal Price WEBDL-720p.mkv,,Remux,I9-2024,True,0,741817671,793588629
26122,2026-05-30 01:40:43.511752,1,Adolescence/Season 1/Adolescence - S01E04 - Episode 4 WEBRip-1080p.mkv,,NVENC AV1 P7 UHQ CQ32 -480p,I9-2024,True,32,1136604591,635765765
26124,2026-05-30 01:47:59.730273,1,Adolescence/Season 1/Adolescence - S01E02 - Episode 2 WEBRip-1080p.mkv,,NVENC AV1 P7 UHQ CQ32 -480p,I9-2024,True,32,1049158594,577083256
26127,2026-05-30 01:56:56.841255,1,Adolescence/Season 1/Adolescence - S01E01 - Episode 1 WEBRip-1080p.mkv,,NVENC AV1 P7 UHQ CQ32 -480p,I9-2024,True,32,1021945243,605010557
26138,2026-05-30 03:31:33.456842,1,Adolescence/Season 1/Adolescence - S01E04 - Episode 4 WEBRip-1080p.mkv,,NVENC AV1 P7 UHQ CQ32 -480p,I9-2024,True,28,1136604591,769275944
26139,2026-05-30 03:39:04.961919,1,Adolescence/Season 1/Adolescence - S01E02 - Episode 2 WEBRip-1080p.mkv,,NVENC AV1 P7 UHQ CQ32 -480p,I9-2024,True,32,1049158594,577083256
26151,2026-05-30 04:30:20.156199,1,Adolescence/Season 1/Adolescence - S01E03 - Episode 3 WEBRip-1080p.mkv,,NVENC AV1 P7 UHQ CQ32 -480p,I9-2024,True,32,790692520,445195471
26158,2026-05-30 11:37:00.872475,1,Adolescence/Season 1/Adolescence - S01E02 - Episode 2 WEBRip-1080p.mkv,,NVENC AV1 P7 UHQ CQ32 -480p,I9-2024,True,32,1049158594,577083256
26176,2026-05-30 16:56:24.437238,1,Adolescence/Season 1/Adolescence - S01E02 - Episode 2 WEBRip-1080p.mkv,,NVENC AV1 P7 UHQ CQ32 -480p,I9-2024,True,32,1049158594,577083256
26419,2026-06-01 01:06:13.037628,1,Westworld/Season 4/Westworld - S04E06 - Fidelity Bluray-1080p Proper-mv.mp4,,NVENC AV1 P7 CANARY VBR -720p HQ,I9-2024,True,,4824445747,554748441
27150,2026-06-02 01:20:33.111917,2,Willie Nelson 90 Long Story Short (2023)/Willie Nelson 90 Long Story Short (2023) WEBDL-1080p.mkv,,NVENC AV1 P7 CANARY VBR -720p,I9-2024,True,,3074855298,564850765
27247,2026-06-02 11:36:37.409261,1,Digimon Beatbreak/Season 1/Digimon Beatbreak - S01E21 - The One Beside You WEBDL-1080p.mkv,,NVENC AV1 P7 CANARY VBR -720p,I9-2024,True,,1443029320,131489795
27453,2026-06-02 20:01:25.504996,1,The Brilliant Healer's New Life in the Shadows/Season 1/The Brilliant Healer's New Life in the Shadows - S01E11 - Just a Normal Healer Bluray-1080p.mkv,,NVENC AV1 P7 CANARY VBR -720p,I9-2024,True,,843184581,119610181
27531,2026-06-02 23:47:39.345216,1,The Brilliant Healer's New Life in the Shadows/Season 1/The Brilliant Healer's New Life in the Shadows - S01E12 - Choosing Who Lives Bluray-1080p.mkv,,NVENC AV1 P7 CANARY VBR -720p,I9-2024,True,,800632425,127229582
27581,2026-06-03 01:34:37.023833,1,Common Side Effects/Season 1/Common Side Effects - S01E10 - Raid WEBDL-720p-mv.mp4,,NVENC AV1 P7 CANARY VBR -720p,I9-2024,True,,779037703,219381902
27598,2026-06-03 02:05:38.832532,1,Digimon Beatbreak/Season 1/Digimon Beatbreak - S01E28 - GIFT WEBDL-720p.mkv,,NVENC AV1 P7 CANARY VBR -720p,I9-2024,True,,739971847,130051723
27606,2026-06-03 02:16:29.235854,1,Digimon Beatbreak/Season 1/Digimon Beatbreak - S01E29 - Dangerous Fandom WEBDL-720p.mkv,,NVENC AV1 P7 CANARY VBR -720p,I9-2024,True,,739228579,130829728
27609,2026-06-03 02:22:55.550777,1,The Brilliant Healer's New Life in the Shadows/Season 1/The Brilliant Healer's New Life in the Shadows - S01E03 - Turf War WEBDL-720p.mkv,,NVENC AV1 P7 CANARY VBR -720p,I9-2024,True,,740746297,127762567
27718,2026-06-03 06:01:32.645728,1,The Brilliant Healer's New Life in the Shadows/Season 1/The Brilliant Healer's New Life in the Shadows - S01E02 - The Underground Healer in the Abandoned Part of Town WEBDL-720p.mkv,,NVENC AV1 P7 CANARY VBR -720p,I9-2024,True,,741449811,129308730
27824,2026-06-03 08:52:37.131532,1,Digimon Beatbreak/Season 1/Digimon Beatbreak - S01E23 - The Power to Take HDTV-720p.mkv,,NVENC AV1 P7 CANARY VBR -720p,I9-2024,True,,731538039,138235977
27853,2026-06-03 09:42:25.381866,1,Digimon Beatbreak/Season 1/Digimon Beatbreak - S01E24 - Overlapping Beats HDTV-720p.mkv,,NVENC AV1 P7 CANARY VBR -720p,I9-2024,True,,733164661,128452877
29458,2026-06-05 13:17:12.310547,1,The Boys/Season 5/The Boys - S05E04 - Though the Heavens Fall HDTV-720p.mkv,,NVENC AV1 P7 CANARY VBR -720p,I9-2024,True,,690820111,438634130
29776,2026-06-05 22:58:57.127973,1,LazyTown/Season 1/LazyTown - S01E26 - LazyTown's New Superhero WEBRip-1080p.mkv,C29 cleanup 2026-07-21: pre-C29 PostFlightRegistry mode-inference bug orphaned .inprogress; encode succeeded but MediaFiles never updated; .inprogress file deleted,NVENC AV1 P7 CANARY VBR -720p,I9-2024,True,,488971813,119979524
29822,2026-06-06 00:10:25.930317,1,Steven Universe/Season 2/Steven Universe - S02E03 - Joy Ride WEBDL-1080p.mkv,C29 cleanup 2026-07-21: pre-C29 PostFlightRegistry mode-inference bug orphaned .inprogress; encode succeeded but MediaFiles never updated; .inprogress file deleted,NVENC AV1 P7 CANARY VBR -720p,I9-2024,True,,324361439,62589241
30126,2026-06-06 13:21:13.251995,1,The Boys/Season 5/The Boys - S05E04 - Though the Heavens Fall HDTV-720p.mkv,C29 cleanup 2026-07-21: pre-C29 PostFlightRegistry mode-inference bug orphaned .inprogress; encode succeeded but MediaFiles never updated; .inprogress file deleted,NVENC AV1 P7 CANARY VBR -720p,I9-2024,True,,690820111,438634130
30485,2026-06-07 01:05:24.612807,1,The Boys/Season 5/The Boys - S05E04 - Though the Heavens Fall HDTV-720p.mkv,,NVENC AV1 P7 CANARY VBR -480p,I9-2024,True,,690820111,428106924
30587,2026-06-07 03:27:09.558578,1,The Boys/Season 5/The Boys - S05E05 - One-Shots HDTV-720p.mkv,,NVENC AV1 P7 CANARY VBR -480p,I9-2024,True,,603344905,233333314
31405,2026-06-07 20:24:00.944610,1,Rooster/Season 1/Rooster - S01E09 - Ludlow’s Fourth Hottest Professor HDTV-720p.mkv,,NVENC AV1 P7 CANARY VBR -480p,I9-2024,True,,396351667,224590546
31734,2026-06-08 02:32:47.675884,1,One Piece/Season 22/One Piece - S22E67 - Her Father and Mother's Legacy! Bonney's Nika Punch WEBDL-480p-mv.mp4,,NVENC AV1 P7 CANARY VBR -480p,I9-2024,True,,340156892,123239975
31736,2026-06-08 02:33:55.059547,1,One Piece/Season 22/One Piece - S22E66 - Her and Her Father's Dream! Bonney's Free Future WEBDL-480p-mv.mp4,,NVENC AV1 P7 CANARY VBR -480p,I9-2024,True,,335434988,121088794
31752,2026-06-08 02:46:45.086757,1,Law & Order - Special Victims Unit/Season 18/Law & Order - Special Victims Unit - S18E04 - Heightened Emotions WEBRip-480p-mv.mp4,,NVENC AV1 P7 CANARY VBR -480p,I9-2024,True,,337354544,206694176
31769,2026-06-08 03:03:23.944195,1,One Piece/Season 22/One Piece - S22E55 - An Admired Hero - The Warrior of Liberation Who Saves Bonney WEBDL-480p-mv.mp4,,NVENC AV1 P7 CANARY VBR -480p,I9-2024,True,,324361078,117800720
31786,2026-06-08 03:19:01.438863,1,Law & Order - Special Victims Unit/Season 18/Law & Order - Special Victims Unit - S18E05 - Rape Interrupted WEBRip-480p-mv.mp4,,NVENC AV1 P7 CANARY VBR -480p,I9-2024,True,,315481359,214105415
31798,2026-06-08 03:31:30.762565,1,One Piece/Season 22/One Piece - S22E54 - Destroy Egghead - The Buster Call Is Invoked WEBDL-480p-mv.mp4,,NVENC AV1 P7 CANARY VBR -480p,I9-2024,True,,310701636,113292668
31890,2026-06-08 05:09:02.929034,1,Digimon Beatbreak/Season 1/Digimon Beatbreak - S01E22 - TBA WEBDL-480p-mv.mp4,,NVENC AV1 P7 CANARY VBR -480p,I9-2024,True,,261165245,103049170
31892,2026-06-08 05:10:57.003121,1,Digimon Beatbreak/Season 1/Digimon Beatbreak - S01E29 - Dangerous Fandom WEBDL-480p.mkv,,NVENC AV1 P7 CANARY VBR -480p,I9-2024,True,,264893292,101853679
31920,2026-06-08 05:34:18.387918,1,Digimon Beatbreak/Season 1/Digimon Beatbreak - S01E30 - Wings to Protect You WEBDL-480p.mkv,,NVENC AV1 P7 CANARY VBR -480p,I9-2024,True,,251376214,97200038
31981,2026-06-08 06:22:38.560985,1,Breaking Bad/Season 2/Breaking Bad - S02E13 - ABQ WEBDL-480p.mp4,,NVENC AV1 P7 CANARY VBR -480p,I9-2024,True,,228623283,186729850
31992,2026-06-08 06:30:12.754043,1,Digimon Beatbreak/Season 1/Digimon Beatbreak - S01E27 - Wandering Love WEBDL-480p.mkv,,NVENC AV1 P7 CANARY VBR -480p,I9-2024,True,,213539350,90732695
32788,2026-06-08 19:24:18.410555,1,Survivor/Season 50/Survivor - S50E13 - Reverse the Curse WEBDL-480p.mp4,,NVENC AV1 P7 CANARY VBR -720p,I9-2024,True,,1184565821,569151242
33336,2026-06-09 06:24:34.168415,1,Wentworth/Season 1/Wentworth - S01E08 - Mind Games WEBDL-1080p.mkv,ComplianceGateFailed: downscale_needed,NVENC AV1 P7 CANARY VBR -720p,dot-worker-1,True,,770399520,265609483
33526,2026-06-09 11:38:55.904360,1,Wentworth/Season 1/Wentworth - S01E08 - Mind Games WEBDL-1080p.mkv,ComplianceGateFailed: downscale_needed,NVENC AV1 P7 CANARY VBR -720p,dot-worker-1,True,,770399520,265609483
33688,2026-06-09 17:22:06.588501,1,The Deuce/Season 3/The Deuce - S03E05 - You Only Get One WEBRip-1080p.mkv,ComplianceGateFailed: downscale_needed,NVENC AV1 P7 CANARY VBR -720p,dot-worker-1,True,,770457609,311020302
33875,2026-06-09 23:08:23.836197,1,Dancing with the Stars/Season 32/Dancing with the Stars - S32E11 - Finale HDTV-480p.26.mp4,,NVENC AV1 P7 CANARY VBR -720p,I9-2024,True,,1186872689,497039085
33876,2026-06-09 23:09:31.087570,1,Dancing with the Stars/Season 33/Dancing with the Stars - S33E10 - Finale HDTV-480p.26.mp4,,NVENC AV1 P7 CANARY VBR -720p,dot-worker-1,True,,1178526024,497071738
33877,2026-06-09 23:12:01.704967,1,Dancing with the Stars/Season 31/Dancing with the Stars - S31E02 - Elvis Night HDTV-480p.26.mp4,,NVENC AV1 P7 CANARY VBR -720p,I9-2024,True,,1147016315,499330471
33878,2026-06-09 23:12:25.002226,1,Dancing with the Stars/Season 31/Dancing with the Stars - S31E04 - Disney+ Night HDTV-480p.26.mp4,,NVENC AV1 P7 CANARY VBR -720p,I9-2024,True,,1142863954,498373806
33883,2026-06-09 23:47:23.165072,1,Dancing with the Stars/Season 31/Dancing with the Stars - S31E01 - Premiere Night Party HDTV-480p.26.mp4,,NVENC AV1 P7 CANARY VBR -720p,I9-2024,True,,1134632632,364786057
33884,2026-06-09 23:47:23.607316,1,Dancing with the Stars/Season 31/Dancing with the Stars - S31E09 - 90s Night HDTV-480p.26.mp4,,NVENC AV1 P7 CANARY VBR -720p,I9-2024,True,,1132178964,363607608
33989,2026-06-10 04:04:20.914723,1,The Deuce/Season 3/The Deuce - S03E05 - You Only Get One WEBRip-1080p.mkv,ComplianceGateFailed: downscale_needed,NVENC AV1 P7 CANARY VBR -720p,dot-worker-1,True,,770457609,311020302
33990,2026-06-10 04:10:09.724805,1,Wentworth/Season 1/Wentworth - S01E08 - Mind Games WEBDL-1080p.mkv,ComplianceGateFailed: downscale_needed,NVENC AV1 P7 CANARY VBR -720p,I9-2024,True,,770399520,265605074
34729,2026-06-11 00:24:52.983190,1,The Boys/Season 5/The Boys - S05E04 - Though the Heavens Fall HDTV-480p-mv.mp4,,NVENC AV1 P7 CANARY VBR -480p,I9-2024,True,,428106924,420130778
34975,2026-06-11 04:35:32.171234,1,The Deuce/Season 3/The Deuce - S03E05 - You Only Get One WEBRip-1080p.mkv,ComplianceGateFailed: downscale_needed,NVENC AV1 P7 CANARY VBR -720p,I9-2024,True,,770457609,311118127
34976,2026-06-11 04:38:17.150966,1,Wentworth/Season 1/Wentworth - S01E08 - Mind Games WEBDL-1080p.mkv,ComplianceGateFailed: downscale_needed,NVENC AV1 P7 CANARY VBR -720p,dot-worker-2,True,,770399520,265609483
35299,2026-06-11 12:56:11.411306,1,The Brilliant Healer's New Life in the Shadows/Season 1/The Brilliant Healer's New Life in the Shadows - S01E01 - An Equal Price WEBDL-720p-mv.mp4,,NVENC AV1 P7 CANARY VBR -720p,dot-worker-1,True,,793593774,193456449
35353,2026-06-11 14:38:19.485536,1,The Deuce/Season 3/The Deuce - S03E05 - You Only Get One WEBRip-1080p.mkv,ComplianceGateFailed: downscale_needed,NVENC AV1 P7 CANARY VBR -720p,I9-2024,True,,770457609,311118127
35355,2026-06-11 14:47:33.743989,1,Wentworth/Season 1/Wentworth - S01E08 - Mind Games WEBDL-1080p.mkv,ComplianceGateFailed: downscale_needed,NVENC AV1 P7 CANARY VBR -720p,I9-2024,True,,770399520,265605074
35541,2026-06-11 22:01:57.372564,2,Avatar Fire and Ash (2025)/Avatar Fire and Ash (2025) WEBDL-480p.mp4,,NVENC AV1 P7 CANARY VBR -720p HQ,dot-worker-1,True,,2737125460,998916307
36036,2026-06-12 12:20:33.325929,1,_Testing/myvideo720p-mv.mp4,,NVENC AV1 P7 CANARY VBR -720p,I9-2024,True,,503885979,333777074
36424,2026-06-12 20:56:19.902882,1,Wayward/Season 1/Wayward - S01E01 - Tall Pines HDTV-720p.mkv,,NVENC AV1 P7 CANARY VBR -720p,dot-worker-1,True,,474797308,187216838
36463,2026-06-12 21:42:52.841712,1,Wayward/Season 1/Wayward - S01E06 - Mirror HDTV-720p.mkv,,NVENC AV1 P7 CANARY VBR -720p,dot-worker-1,True,,471713387,181092892
37014,2026-06-14 09:15:17.348446,2,The Master of Disguise (2002)/The Master of Disguise (2002) WEBDL-720p.mkv,,NVENC AV1 P7 CANARY VBR -720p,I9-2024,True,,2278957749,621344776
38462,2026-06-16 11:20:16.663514,2,Flicka (2006)/Flicka (2006) Bluray-1080p.mp4,,NVENC AV1 P7 CANARY VBR -720p,dot-worker-1,True,,1936254071,618588938
39260,2026-06-22 22:07:45.499106,1,Breaking Bad/Season 4/Breaking Bad - S04E09 - Bug SDTV.mp4,ComplianceGateFailed: codec:h264,AudioFix,larry-worker-1,True,0,0,228261778
39475,2026-06-23 01:24:24.309478,1,Breaking Bad/Season 2/Breaking Bad - S02E04 - Down Bluray-720p.mkv,,NVENC AV1 P7 CANARY VBR -720p,dot-worker-2,True,,430017717,163282061
39487,2026-06-23 02:19:59.439116,2,The Master of Disguise (2002)/The Master of Disguise (2002) WEBDL-720p-mv.mp4,,AudioFix,dot-worker-1,True,0,621344776,549956951
39488,2026-06-23 02:19:59.444729,2,Flicka (2006)/Flicka (2006) Bluray-720p-mv.mp4,,AudioFix,dot-worker-1,True,0,618588938,648731155
39522,2026-06-23 16:05:54.099574,1,Adolescence/Season 1/Adolescence - S01E01 - Episode 1 WEBRip-480p-mv.mp4,FFmpeg process died unexpectedly - cleaned by StuckJobDetectionService: No ActiveJob record found for running transcode job,AudioFix,dot-worker-1,True,0,605010557,356602091
39548,2026-06-23 20:41:22.246620,1,Adolescence/Season 1/Adolescence - S01E02 - Episode 2 WEBRip-480p-mv.mp4,,AudioFix,dot-worker-1,True,0,577083256,379915228
39586,2026-06-25 15:14:48.482643,2,Willie Nelson 90 Long Story Short (2023)/Willie Nelson 90 Long Story Short (2023) WEBDL-720p-mv.mp4,,AudioFix,dot-worker-1,True,0,564850765,610510626
39604,2026-06-25 20:01:39.114652,1,Bridgerton/Season 4/Bridgerton - S04E08 - Dance in the Country HDTV-720p.mkv,,Remux,larry-worker-3,True,0,617505056,348386814
39621,2026-06-27 22:28:03.496740,1,Bunk'd/Season 6/Bunk'd - S06E03 - Worst Aid WEBDL-720p.mkv,,Remux,dot-worker-1,True,0,608122608,608994101
39628,2026-06-27 22:47:59.157078,1,Breaking Bad/Season 4/Breaking Bad - S04E09 - Bug SDTV.mp4,,AudioFix,dot-worker-1,True,0,0,228261778
40982,2026-07-02 10:26:57.100001,3,Videos/Anal/CuteAcademyPOV.22.01.12.Nana.G.Lecture.For.The.Spoiled.Brats.XXX.2160p.MP4-WRB.mp4,,,dot-worker-1,True,0,2869883987,6079546560
41107,2026-07-04 15:07:50.186914,1,Phineas and Ferb/Season 4/Phineas and Ferb - S04E23 - Thanks But No Thanks WEBDL-720p.mkv,,Remux,dot-worker-4,True,0,53211709,54937632
44765,2026-07-18 05:02:40.024240,1,Law & Order - Special Victims Unit/Season 18/Law & Order - Special Victims Unit - S18E05 - Rape Interrupted WEBRip-480p-mv.mp4,,Transcode,I9-2024,True,0,214105415,264158355
44801,2026-07-18 05:42:30.443335,1,Law & Order - Special Victims Unit/Season 18/Law & Order - Special Victims Unit - S18E04 - Heightened Emotions WEBRip-480p-mv.mp4,,Transcode,I9-2024,True,0,206694176,250734816
44976,2026-07-18 08:43:19.714598,1,One Piece/Season 14/One Piece - S14E18 - The Battle Against the Big Tiger! Who Will Be the Captain!! HDTV-1080p.mkv,,Transcode,I9-2024,True,0,176545190,201749448
45154,2026-07-18 11:40:06.180889,1,Pokémon/Season 20/Pokémon - S20E128 - Step By Step! Dot & Quaxwell!! HDTV-480p-mv.mp4,C29 cleanup 2026-07-21: source had non-English Track 0 -> Dialog Boost was content-mismatched; -mv.mp4 landed on disk 2026-07-19/20; file since deleted + redownloaded via Sonarr (ArrRedownloadBadDialogBoost.py). Original replace succeeded historically; flipped for reporting integrity so metrics do not credit savings against remediated content.,Transcode,I9-2024,True,0,156367465,122339490
45422,2026-07-18 15:21:48.764759,1,One Piece/Season 21/One Piece - S21E19 - A Legendary Samurai! The Man Who Roger Admired! HDTV-480p-mv.mp4,C29 cleanup 2026-07-21: source had non-English Track 0 -> Dialog Boost was content-mismatched; -mv.mp4 landed on disk 2026-07-19/20; file since deleted + redownloaded via Sonarr (ArrRedownloadBadDialogBoost.py). Original replace succeeded historically; flipped for reporting integrity so metrics do not credit savings against remediated content.,Transcode,I9-2024,True,0,135992140,121735194
45494,2026-07-18 16:22:33.836109,1,One Piece/Season 10/One Piece - S10E03 - Zoro's Imprisonment and Chopper's Emergency Operation! HDTV-480p-mv.mp4,C29 cleanup 2026-07-21: source had non-English Track 0 -> Dialog Boost was content-mismatched; -mv.mp4 landed on disk 2026-07-19/20; file since deleted + redownloaded via Sonarr (ArrRedownloadBadDialogBoost.py). Original replace succeeded historically; flipped for reporting integrity so metrics do not credit savings against remediated content.,Transcode,dot-worker-1,True,0,129927027,115475138
45496,2026-07-18 16:25:33.964326,1,One Piece/Season 23/One Piece - S23E08 - I Want You to Praise Me - The Reunion of Robin and Saul WEBDL-480p-mv.mp4,C29 cleanup 2026-07-21: source had non-English Track 0 -> Dialog Boost was content-mismatched; -mv.mp4 landed on disk 2026-07-19/20; file since deleted + redownloaded via Sonarr (ArrRedownloadBadDialogBoost.py). Original replace succeeded historically; flipped for reporting integrity so metrics do not credit savings against remediated content.,Transcode,wakko-worker-1,True,0,129808430,62007494
45508,2026-07-18 16:34:23.576712,1,One Piece/Season 21/One Piece - S21E16 - Romance Dawn HDTV-480p-mv.mp4,C29 cleanup 2026-07-21: source had non-English Track 0 -> Dialog Boost was content-mismatched; -mv.mp4 landed on disk 2026-07-19/20; file since deleted + redownloaded via Sonarr (ArrRedownloadBadDialogBoost.py). Original replace succeeded historically; flipped for reporting integrity so metrics do not credit savings against remediated content.,Transcode,I9-2024,True,0,128969635,122867934
45509,2026-07-18 16:36:17.635075,1,One Piece/Season 23/One Piece - S23E04 - Destroy the Miniature Garden - Escape Block Kingdom! WEBDL-480p-mv.mp4,C29 cleanup 2026-07-21: source had non-English Track 0 -> Dialog Boost was content-mismatched; -mv.mp4 landed on disk 2026-07-19/20; file since deleted + redownloaded via Sonarr (ArrRedownloadBadDialogBoost.py). Original replace succeeded historically; flipped for reporting integrity so metrics do not credit savings against remediated content.,Transcode,wakko-worker-1,True,0,128901724,76394856
45511,2026-07-18 16:37:23.494098,1,One Piece/Season 21/One Piece - S21E17 - The Coming of the Treasure Ship! Luffytaro Returns the Favor! HDTV-480p-mv.mp4,C29 cleanup 2026-07-21: source had non-English Track 0 -> Dialog Boost was content-mismatched; -mv.mp4 landed on disk 2026-07-19/20; file since deleted + redownloaded via Sonarr (ArrRedownloadBadDialogBoost.py). Original replace succeeded historically; flipped for reporting integrity so metrics do not credit savings against remediated content.,Transcode,dot-worker-1,True,0,128877167,121781757
45514,2026-07-18 16:40:27.251478,1,One Piece/Season 22/One Piece - S22E34 - The Entrusted Message! King Cobra's Resolve WEBDL-480p-mv.mp4,C29 cleanup 2026-07-21: source had non-English Track 0 -> Dialog Boost was content-mismatched; -mv.mp4 landed on disk 2026-07-19/20; file since deleted + redownloaded via Sonarr (ArrRedownloadBadDialogBoost.py). Original replace succeeded historically; flipped for reporting integrity so metrics do not credit savings against remediated content.,Transcode,dot-worker-1,True,0,128583626,122109973
45524,2026-07-18 16:48:43.212889,1,"One Piece/Season 22/One Piece - S22E57 - Come In, World - Vegapunk's Message WEBDL-480p-mv.mp4",C29 cleanup 2026-07-21: source had non-English Track 0 -> Dialog Boost was content-mismatched; -mv.mp4 landed on disk 2026-07-19/20; file since deleted + redownloaded via Sonarr (ArrRedownloadBadDialogBoost.py). Original replace succeeded historically; flipped for reporting integrity so metrics do not credit savings against remediated content.,Transcode,I9-2024,True,0,127954576,121393702
45526,2026-07-18 16:50:26.649635,1,One Piece/Season 22/One Piece - S22E27 - Clash! Shanks Vs Eustass Kid! WEBDL-480p-mv.mp4,C29 cleanup 2026-07-21: source had non-English Track 0 -> Dialog Boost was content-mismatched; -mv.mp4 landed on disk 2026-07-19/20; file since deleted + redownloaded via Sonarr (ArrRedownloadBadDialogBoost.py). Original replace succeeded historically; flipped for reporting integrity so metrics do not credit savings against remediated content.,Transcode,wakko-worker-1,True,0,127823523,73200962
45533,2026-07-18 16:55:54.360314,1,One Piece/Season 21/One Piece - S21E12 - A Climactic Sumo Battle! Straw Hat vs. the Strongest Ever Yokozuna! HDTV-480p-mv.mp4,C29 cleanup 2026-07-21: source had non-English Track 0 -> Dialog Boost was content-mismatched; -mv.mp4 landed on disk 2026-07-19/20; file since deleted + redownloaded via Sonarr (ArrRedownloadBadDialogBoost.py). Original replace succeeded historically; flipped for reporting integrity so metrics do not credit savings against remediated content.,Transcode,I9-2024,True,0,127068436,121812770
45536,2026-07-18 16:58:49.218063,1,One Piece/Season 21/One Piece - S21E08 - Defeat is Inevitable! The Strawman's Fierce Attack! HDTV-480p-mv.mp4,C29 cleanup 2026-07-21: source had non-English Track 0 -> Dialog Boost was content-mismatched; -mv.mp4 landed on disk 2026-07-19/20; file since deleted + redownloaded via Sonarr (ArrRedownloadBadDialogBoost.py). Original replace succeeded historically; flipped for reporting integrity so metrics do not credit savings against remediated content.,Transcode,dot-worker-1,True,0,126798382,119838941
45541,2026-07-18 17:03:11.337707,1,One Piece/Season 23/One Piece - S23E07 - A Gargantuan Wave of Emotion - The Dreamlike Scenery of Elbaph WEBDL-480p-mv.mp4,C29 cleanup 2026-07-21: source had non-English Track 0 -> Dialog Boost was content-mismatched; -mv.mp4 landed on disk 2026-07-19/20; file since deleted + redownloaded via Sonarr (ArrRedownloadBadDialogBoost.py). Original replace succeeded historically; flipped for reporting integrity so metrics do not credit savings against remediated content.,Transcode,wakko-worker-1,True,0,126079245,71383583
45550,2026-07-18 17:09:40.362626,1,One Piece/Season 10/One Piece - S10E27 - Get Back the Memories! The Pirates Land WEBRip-480p-mv.mp4,C29 cleanup 2026-07-21: source had non-English Track 0 -> Dialog Boost was content-mismatched; -mv.mp4 landed on disk 2026-07-19/20; file since deleted + redownloaded via Sonarr (ArrRedownloadBadDialogBoost.py). Original replace succeeded historically; flipped for reporting integrity so metrics do not credit savings against remediated content.,Transcode,I9-2024,True,0,125103664,119228578
45562,2026-07-18 17:22:11.898373,1,One Piece/Season 22/One Piece - S22E67 - Her Father and Mother's Legacy! Bonney's Nika Punch WEBDL-480p-mv.mp4,C29 cleanup 2026-07-21: source had non-English Track 0 -> Dialog Boost was content-mismatched; -mv.mp4 landed on disk 2026-07-19/20; file since deleted + redownloaded via Sonarr (ArrRedownloadBadDialogBoost.py). Original replace succeeded historically; flipped for reporting integrity so metrics do not credit savings against remediated content.,Transcode,dot-worker-1,True,0,123239975,123003095
45611,2026-07-18 18:04:34.771394,1,One Piece/Season 22/One Piece - S22E66 - Her and Her Father's Dream! Bonney's Free Future WEBDL-480p-mv.mp4,,Transcode,dot-worker-1,True,0,121088794,123019493
45636,2026-07-18 18:26:55.546066,1,"One Piece/Season 23/One Piece - S23E05 - An Encounter on a Snowfield - Loki, the Accursed Prince WEBDL-480p-mv.mp4",,Transcode,I9-2024,True,0,118865505,122678623
45654,2026-07-18 18:43:21.178031,1,One Piece/Season 22/One Piece - S22E55 - An Admired Hero - The Warrior of Liberation Who Saves Bonney WEBDL-480p-mv.mp4,,Transcode,I9-2024,True,0,117800720,123951564
45684,2026-07-18 19:11:32.008218,1,Law & Order - Special Victims Unit/Season 3/Law & Order - Special Victims Unit - S03E12 - Protection DVD-720p.mkv,,Transcode,I9-2024,True,0,114687843,177182567
45689,2026-07-18 19:16:38.433705,1,Law & Order - Special Victims Unit/Season 5/Law & Order - Special Victims Unit - S05E25 - Head DVD-720p.mkv,,Transcode,I9-2024,True,0,114485570,179177051
45698,2026-07-18 19:24:35.696238,1,One Piece/Season 22/One Piece - S22E54 - Destroy Egghead - The Buster Call Is Invoked WEBDL-480p-mv.mp4,,Transcode,I9-2024,True,0,113292668,122894385
45724,2026-07-18 19:51:33.555154,1,Law & Order - Special Victims Unit/Season 3/Law & Order - Special Victims Unit - S03E11 - Monogamy DVD-720p.mkv,,Transcode,I9-2024,True,0,110758049,177436558
45725,2026-07-18 19:52:18.492234,1,One Piece/Season 23/One Piece - S23E02 - Nami in a Fix! An Adventure in Block Kingdom WEBDL-480p-mv.mp4,,Transcode,dot-worker-1,True,0,110719839,120205324
45728,2026-07-18 19:55:24.177003,1,One Piece/Season 23/One Piece - S23E03 - A Quest in the Land of Mystery! The Secret of the Sun God WEBDL-480p-mv.mp4,,Transcode,dot-worker-1,True,0,110401337,121502174
45738,2026-07-18 20:07:30.317696,1,Law & Order - Special Victims Unit/Season 3/Law & Order - Special Victims Unit - S03E13 - Prodigy DVD-720p.mkv,,Transcode,dot-worker-1,True,0,109606558,173841496
45741,2026-07-18 20:09:41.984839,1,Law & Order - Special Victims Unit/Season 4/Law & Order - Special Victims Unit - S04E19 - Appearances DVD-720p.mkv,,Transcode,I9-2024,True,0,109159863,172435230
45773,2026-07-18 20:49:24.139065,1,Law & Order - Special Victims Unit/Season 4/Law & Order - Special Victims Unit - S04E07 - Dolls DVD-720p.mkv,,Transcode,dot-worker-1,True,0,106141377,171825599
45802,2026-07-18 21:23:11.779946,1,Law & Order - Special Victims Unit/Season 12/Law & Order - Special Victims Unit - S12E20 - Totem DVD-720p.mkv,,Transcode,I9-2024,True,0,104835861,178147781
45818,2026-07-18 21:42:56.260229,1,Law & Order - Special Victims Unit/Season 11/Law & Order - Special Victims Unit - S11E01 - Unstable DVD-720p.mkv,,Transcode,I9-2024,True,0,103982397,175622826
45819,2026-07-18 21:44:21.905406,1,Law & Order - Special Victims Unit/Season 8/Law & Order - Special Victims Unit - S08E06 - Infiltrated DVD-720p.mkv,,Transcode,dot-worker-1,True,0,103979544,171041264
45837,2026-07-18 22:10:54.580559,1,Law & Order - Special Victims Unit/Season 8/Law & Order - Special Victims Unit - S08E12 - Outsider DVD-720p.mkv,,Transcode,dot-worker-1,True,0,101744038,175811635
45839,2026-07-18 22:12:54.897334,1,Law & Order - Special Victims Unit/Season 11/Law & Order - Special Victims Unit - S11E08 - Turmoil DVD-720p.mkv,,Transcode,I9-2024,True,0,101596998,178788505
45847,2026-07-18 22:24:14.547162,1,Law & Order - Special Victims Unit/Season 8/Law & Order - Special Victims Unit - S08E18 - Responsible DVD-720p.mkv,,Transcode,I9-2024,True,0,100814163,172777737
45867,2026-07-18 22:52:34.033119,1,Law & Order - Special Victims Unit/Season 3/Law & Order - Special Victims Unit - S03E22 - Competence DVD-720p.mkv,,Transcode,dot-worker-1,True,0,99312273,170649613
45882,2026-07-18 23:10:53.577017,1,Law & Order - Special Victims Unit/Season 11/Law & Order - Special Victims Unit - S11E22 - Ace DVD-720p.mkv,,Transcode,dot-worker-1,True,0,98322026,172241694
45938,2026-07-19 00:23:59.494941,1,Law & Order - Special Victims Unit/Season 7/Law & Order - Special Victims Unit - S07E11 - Alien DVD-720p.mkv,,Transcode,dot-worker-1,True,0,94548837,175904460
45964,2026-07-19 00:56:10.147451,1,One Piece/Season 22/One Piece - S22E39 - Completely Surrounded! The Operation to Escape Egghead WEBDL-480p-mv.mp4,,Transcode,I9-2024,True,0,93105686,117625128
45975,2026-07-19 01:06:26.303241,1,"One Piece/Season 22/One Piece - S22E52 - I'm Sorry, Dad - Bonney's Tears and Kuma's Fist WEBDL-480p Proper-mv.mp4",,Transcode,I9-2024,True,0,92673556,119102923
45979,2026-07-19 01:11:17.473892,1,One Piece/Season 22/One Piece - S22E32 - Sabo Returns - The Shocking Truth to Be Told! WEBDL-480p-mv.mp4,,Transcode,dot-worker-1,True,0,92498989,118089205
45998,2026-07-19 01:31:26.947341,1,One Piece/Season 22/One Piece - S22E38 - The World Shakes! The Straw Hats` Hostage Situation WEBDL-480p-mv.mp4,,Transcode,I9-2024,True,0,91880620,121029271
46143,2026-07-19 03:47:36.229254,1,Family Guy/Season 21/Family Guy - S21E07 - The Stewaway SDTV.mkv,,Transcode,I9-2024,True,0,60455621,84848483
46244,2026-07-20 02:36:03.848502,1,Heroes/Season 2/Heroes - S02E02 - Lizards DVD.avi,,Transcode,I9-2024,True,0,365185024,176165378
46245,2026-07-20 02:41:15.951629,1,Heroes/Season 1/Heroes - S01E19 - 07% HDTV-720p.mkv,,Transcode,wakko-worker-1,True,0,458919550,174358539
46246,2026-07-20 02:40:20.850416,1,Heroes/Season 1/Heroes - S01E16 - Unexpected HDTV-720p.mkv,,Transcode,dot-worker-1,True,0,454850119,405940798
46247,2026-07-20 02:41:25.983816,1,Heroes/Season 1/Heroes - S01E04 - Collision HDTV-720p.mkv,,Transcode,I9-2024,True,0,434931238,406227058
46248,2026-07-20 02:46:49.819975,1,Heroes/Season 4/Heroes - S04E19 - Brave New World DVD.avi,,Transcode,dot-worker-1,True,0,367124480,175563379
46249,2026-07-20 02:49:24.129656,1,Heroes/Season 4/Heroes - S04E14 - Let it Bleed DVD.avi,,Transcode,wakko-worker-1,True,0,366792704,62105625
46257,2026-07-20 03:10:11.255676,1,Heroes/Season 1/Heroes - S01E06 - Better Halves Bluray-480p-mv.mp4,,Transcode,I9-2024,True,0,272425238,235838141
46258,2026-07-20 03:13:48.348905,1,Heroes/Season 1/Heroes - S01E07 - Nothing to Hide Bluray-480p-mv.mp4,,Transcode,dot-worker-1,True,0,272083839,234764450
46259,2026-07-20 03:13:37.493420,1,Heroes/Season 1/Heroes - S01E18 - Parasite Bluray-480p-mv.mp4,,Transcode,I9-2024,True,0,271782665,234263488
46261,2026-07-20 03:17:07.073630,1,Heroes/Season 1/Heroes - S01E22 - Landslide Bluray-480p-mv.mp4,,Transcode,I9-2024,True,0,271644935,236118032
46262,2026-07-20 03:19:14.082202,1,Heroes/Season 1/Heroes - S01E21 - The Hard Part Bluray-480p-mv.mp4,,Transcode,dot-worker-1,True,0,271625052,234871881
46263,2026-07-20 03:20:53.954577,1,Heroes/Season 1/Heroes - S01E13 - The Fix Bluray-480p-mv.mp4,,Transcode,I9-2024,True,0,271622764,234067029
46264,2026-07-20 03:24:39.719973,1,Heroes/Season 1/Heroes - S01E11 - Fallout Bluray-480p-mv.mp4,,Transcode,dot-worker-1,True,0,271113794,234477089
46265,2026-07-20 03:24:34.776511,1,Heroes/Season 2/Heroes - S02E07 - Out of Time Bluray-480p-mv.mp4,,Transcode,I9-2024,True,0,271087407,234028958
46268,2026-07-20 03:29:34.350738,1,Heroes/Season 3/Heroes - S03E21 - Into Asylum Bluray-480p-mv.mp4,,Transcode,dot-worker-1,True,0,270835035,233618456
46269,2026-07-20 03:32:09.113565,1,"Heroes/Season 3/Heroes - S03E03 - One of Us, One of Them Bluray-480p-mv.mp4",,Transcode,I9-2024,True,0,270923140,232700403
46271,2026-07-20 03:46:32.545254,1,Heroes/Season 4/Heroes - S04E18 - The Wall Bluray-480p-mv.mp4,,Transcode,wakko-worker-1,True,0,270778093,111962325
46272,2026-07-20 03:50:50.048137,1,Heroes/Season 2/Heroes - S02E11 - Powerless Bluray-480p-mv.mp4,,Transcode,I9-2024,True,0,270942935,233357061
46273,2026-07-20 03:53:03.094815,1,Heroes/Season 4/Heroes - S04E18 - The Wall Bluray-480p-mv.mp4,,Transcode,wakko-worker-1,True,0,111962325,154045289
46274,2026-07-20 04:00:07.219067,1,Heroes/Season 3/Heroes - S03E25 - An Invisible Thread Bluray-480p-mv.mp4,,Transcode,I9-2024,True,0,270773780,235120524
46275,2026-07-20 04:01:58.290193,1,Heroes/Season 3/Heroes - S03E05 - Angels and Monsters Bluray-480p-mv.mp4,,Transcode,wakko-worker-1,True,0,270574551,101161119
46276,2026-07-20 04:01:21.560293,1,Heroes/Season 3/Heroes - S03E02 - The Butterfly Effect Bluray-480p-mv.mp4,,Transcode,dot-worker-1,True,0,270564065,232903237
46277,2026-07-20 04:03:50.057042,1,Heroes/Season 3/Heroes - S03E20 - Cold Snap Bluray-480p-mv.mp4,,Transcode,I9-2024,True,0,270553580,235448489
46278,2026-07-20 04:06:49.224439,1,Heroes/Season 1/Heroes - S01E20 - Five Years Gone Bluray-480p-mv.mp4,,Transcode,dot-worker-1,True,0,270501151,234694264
46279,2026-07-20 04:08:37.250722,1,Heroes/Season 4/Heroes - S04E05 - Hysterical Blindness Bluray-480p-mv.mp4,,Transcode,wakko-worker-1,True,0,270490665,105713777
46280,2026-07-20 04:07:36.758896,1,Heroes/Season 4/Heroes - S04E03 - Ink Bluray-480p-mv.mp4,,Transcode,I9-2024,True,0,270396293,235418055
46281,2026-07-20 04:12:15.082131,1,Heroes/Season 4/Heroes - S04E11 - Thanksgiving Bluray-480p-mv.mp4,,Transcode,dot-worker-1,True,0,270312407,232617664
46282,2026-07-20 04:11:21.102165,1,Heroes/Season 3/Heroes - S03E15 - Trust and Blood Bluray-480p-mv.mp4,,Transcode,I9-2024,True,0,270228521,236109917
46283,2026-07-20 04:15:16.210195,1,Heroes/Season 3/Heroes - S03E18 - Exposed Bluray-480p-mv.mp4,,Transcode,wakko-worker-1,True,0,269505004,90910000
46284,2026-07-20 04:15:05.020233,1,Heroes/Season 4/Heroes - S04E06 - Tabula Rasa Bluray-480p-mv.mp4,,Transcode,I9-2024,True,0,269452575,234140520
46285,2026-07-20 04:17:37.663828,1,Heroes/Season 4/Heroes - S04E12 - The Fifth Stage Bluray-480p-mv.mp4,,Transcode,dot-worker-1,True,0,268603228,231817003
46286,2026-07-20 04:18:41.419644,1,Heroes/Season 4/Heroes - S04E13 - Upon This Rock Bluray-480p-mv.mp4,,Transcode,I9-2024,True,0,264681554,229651555
46287,2026-07-20 04:21:45.086223,1,Heroes/Season 3/Heroes - S03E17 - Cold Wars Bluray-480p-mv.mp4,,Transcode,wakko-worker-1,True,0,263528120,93360437
46288,2026-07-20 04:22:55.266466,1,Heroes/Season 3/Heroes - S03E11 - The Eclipse (2) Bluray-480p-mv.mp4,,Transcode,dot-worker-1,True,0,263276462,228952390
46289,2026-07-20 04:22:17.666627,1,Heroes/Season 3/Heroes - S03E09 - It's Coming Bluray-480p-mv.mp4,,Transcode,I9-2024,True,0,260455793,225575144
46290,2026-07-20 04:26:01.606033,1,Heroes/Season 1/Heroes - S01E22 - Landslide Bluray-480p-mv.mp4,,Transcode,I9-2024,True,0,236118344,284046160
46291,2026-07-20 04:28:13.488321,1,Heroes/Season 1/Heroes - S01E06 - Better Halves Bluray-480p-mv.mp4,,Transcode,wakko-worker-1,True,0,235835228,159940558
46292,2026-07-20 04:28:19.926350,1,Heroes/Season 1/Heroes - S01E21 - The Hard Part Bluray-480p-mv.mp4,,Transcode,dot-worker-1,True,0,234870538,282517911
46293,2026-07-20 04:30:03.211102,1,Heroes/Season 1/Heroes - S01E07 - Nothing to Hide Bluray-480p-mv.mp4,,Transcode,I9-2024,True,0,234765681,282037958
46294,2026-07-20 04:34:25.536218,1,Heroes/Season 1/Heroes - S01E11 - Fallout Bluray-480p-mv.mp4,,Transcode,dot-worker-1,True,0,234472079,281937077
46295,2026-07-20 04:35:42.757689,1,Heroes/Season 1/Heroes - S01E18 - Parasite Bluray-480p-mv.mp4,,Transcode,wakko-worker-1,True,0,234262364,166660313
46296,2026-07-20 04:34:06.159903,1,Heroes/Season 1/Heroes - S01E13 - The Fix Bluray-480p-mv.mp4,,Transcode,I9-2024,True,0,234063135,280852935
46297,2026-07-20 04:38:08.970713,1,Heroes/Season 2/Heroes - S02E07 - Out of Time Bluray-480p-mv.mp4,,Transcode,I9-2024,True,0,234031677,281439219
46298,2026-07-20 04:40:29.605145,1,Heroes/Season 3/Heroes - S03E21 - Into Asylum Bluray-480p-mv.mp4,,Transcode,dot-worker-1,True,0,233622733,280578198
46299,2026-07-20 04:43:09.375287,1,"Heroes/Season 3/Heroes - S03E03 - One of Us, One of Them Bluray-480p-mv.mp4",,Transcode,wakko-worker-1,True,0,232699986,163871264
46301,2026-07-20 04:46:25.945548,1,Heroes/Season 2/Heroes - S02E02 - Lizards DVD480p-mv.mp4,,Transcode,dot-worker-1,True,0,176160768,221997211
46302,2026-07-20 04:46:10.915361,1,Heroes/Season 4/Heroes - S04E19 - Brave New World DVD480p-mv.mp4,,Transcode,I9-2024,True,0,175563080,222285320
46303,2026-07-20 04:50:35.246558,1,Heroes/Season 4/Heroes - S04E01 - Orientation Bluray-480p-mv.mp4,,Transcode,wakko-worker-1,True,0,168516649,94647229
46307,2026-07-20 04:56:47.045400,1,Heroes/Season 4/Heroes - S04E10 - Brother's Keeper Bluray-480p-mv.mp4,,Transcode,wakko-worker-1,True,0,162665595,85704281
46311,2026-07-20 05:02:45.885638,1,Heroes/Season 3/Heroes - S03E06 - Dying of the Light DVD-mv.mp4,,Transcode,wakko-worker-1,True,0,146108580,85092663
46315,2026-07-20 05:08:44.348541,1,Heroes/Season 3/Heroes - S03E08 - Villains DVD-mv.mp4,,Transcode,wakko-worker-1,True,0,145175347,91071837
46319,2026-07-20 05:14:34.152796,1,Heroes/Season 3/Heroes - S03E07 - Eris Quod Sum DVD-mv.mp4,,Transcode,wakko-worker-1,True,0,139764695,78319798
46322,2026-07-20 12:43:57.592681,1,Heroes/Season 1/Heroes - S01E03 - One Giant Leap Bluray-1080p.mkv,C29 cleanup 2026-07-21: source had non-English Track 0 -> Dialog Boost was content-mismatched; -mv.mp4 landed on disk 2026-07-19/20; file since deleted + redownloaded via Sonarr (ArrRedownloadBadDialogBoost.py). Original replace succeeded historically; flipped for reporting integrity so metrics do not credit savings against remediated content.,Transcode,I9-2024,True,0,4263856046,983937533
46627,2026-07-21 16:43:18.860440,1,Project Runway/Season 16/Project Runway - S16E05 - Descending into Good and Evil HDTV-720p.mkv,C29 cleanup 2026-07-21: pre-C29 PostFlightRegistry mode-inference bug orphaned .inprogress; encode succeeded but MediaFiles never updated; .inprogress file deleted,AV1 Tier 1 Efficient,wakko-worker-1,True,0,984696750,402171712
48020,2026-07-23 12:43:25.990039,1,Shameless/Season 4/Shameless - S04E04 - The Runaway DVD.avi,,AV1 Tier 1 Efficient,I9-2024,True,0,366692352,197873016
48051,2026-07-23 13:39:06.836815,1,Shameless/Season 4/Shameless - S04E02 - New Romances DVD.avi,,AV1 Tier 1 Efficient,I9-2024,True,0,364902400,190918354
48053,2026-07-23 13:41:24.855057,1,Shameless/Season 4/Shameless - S04E01 - New Beginnings DVD.avi,,AV1 Tier 1 Efficient,dot-worker-1,True,0,363970560,196125539
48968,2026-07-25 20:32:54.364283,1,The Office (US)/Season 3/The Office (US) - S03E16 - Business School HDTV-720p.mkv,,AV1 Tier 2 Good,dot-worker-1,True,0,161961403,256644002
49008,2026-07-25 20:55:38.844497,1,The Office (US)/Season 3/The Office (US) - S03E15 - Phyllis' Wedding HDTV-720p.mkv,,AV1 Tier 2 Good,I9-2024,True,0,158193092,253586922
49009,2026-07-25 20:56:52.146982,1,The Office (US)/Season 3/The Office (US) - S03E19 - Safety Training HDTV-720p.mkv,,AV1 Tier 2 Good,dot-worker-1,True,0,158161516,251417400
49011,2026-07-25 20:56:58.521203,1,The Office (US)/Season 3/The Office (US) - S03E06 - Diwali HDTV-720p.mkv,,AV1 Tier 2 Good,dot-worker-1,True,0,158076606,253271758
49495,2026-07-26 03:54:13.690132,1,Boy Meets World/Season 7/Boy Meets World - S07E23 - Brave New World (2) SDTV.mkv,,AV1 Tier 1 Efficient,dot-worker-1,True,0,77267966,83650638
50506,2026-07-27 21:01:56.258891,1,Big Mouth/Season 6/Big Mouth - S06E02 - Twenty Two and You SDTV.avi,,AV1 Tier 1 Efficient,I9-2024,False,0,352867346,114451921
50520,2026-07-27 22:00:14.482460,1,Malcolm in the Middle/Season 4/Malcolm in the Middle - S04E09 - Grandma Sues HDTV-1080p.mkv,,AV1 Tier 1 Efficient,dot-worker-1,False,0,341946493,196592307
50699,2026-07-28 01:38:41.993727,1,The Middle/Season 4/The Middle - S04E10 - Twenty Years WEBDL-480p.mkv,,AV1 Tier 1 Efficient,I9-2024,False,0,147697018,97559785
50897,2026-07-28 06:07:14.033665,1,Adventure Time/Season 2/Adventure Time - S02E04 - Blood Under the Skin Bluray-480p.mkv,,AV1 Tier 1 Efficient,I9-2024,False,0,64606114,49739015
51206,2026-07-29 00:55:06.244436,1,Steven Universe/Season 2/Steven Universe - S02E09 - Sworn to the Sword HDTV-720p.mkv,,AV1 Tier 1 Efficient,wakko-worker-1,True,0,172410734,53031001
51207,2026-07-29 00:55:06.832587,1,Steven Universe/Season 2/Steven Universe - S02E11 - Keeping it Together HDTV-720p.mkv,,AV1 Tier 1 Efficient,dot-worker-1,True,0,234664898,102570570
51250,2026-07-29 01:43:02.344637,1,Steven Universe/Season 2/Steven Universe - S02E03 - Joy Ride WEBDL-1080p.mkv,,AV1 Tier 1 Efficient,I9-2024,True,0,324361439,100878463
51359,2026-07-29 04:19:18.395472,1,Steven Universe/Season 2/Steven Universe - S02E02 - Open Book WEBDL-1080p.mkv,,AV1 Tier 1 Efficient,wakko-worker-1,True,0,267983224,51550379
51393,2026-07-29 05:00:19.256311,1,Steven Universe/Season 2/Steven Universe - S02E01 - Full Disclosure WEBDL-1080p.mkv,,AV1 Tier 1 Efficient,I9-2024,True,0,228980800,99345190
51421,2026-07-29 07:32:31.725236,1,Steven Universe/Season 2/Steven Universe - S02E23 - Back to the Barn HDTV-720p.mkv,,AV1 Tier 1 Efficient,I9-2024,True,0,192130309,101523248
51428,2026-07-29 07:38:28.807321,1,Steven Universe/Season 2/Steven Universe - S02E18 - Friend Ship HDTV-720p.mkv,,AV1 Tier 1 Efficient,dot-worker-1,True,0,187180820,104347950
51452,2026-07-29 08:01:02.949765,1,Steven Universe/Season 2/Steven Universe - S02E16 - Onion Friend HDTV-720p.mkv,,AV1 Tier 1 Efficient,dot-worker-1,True,0,170810981,101917205
51459,2026-07-29 08:06:42.839110,1,Steven Universe/Season 2/Steven Universe - S02E27 - It Could've Been Great HDTV-720p.mkv,,AV1 Tier 1 Efficient,wakko-worker-1,True,0,167097276,54485989
51460,2026-07-29 08:07:36.208403,1,Steven Universe/Season 2/Steven Universe - S02E21 - Catch and Release HDTV-720p.mkv,,AV1 Tier 1 Efficient,I9-2024,True,0,166718152,101825432
51469,2026-07-29 08:13:16.295072,1,Steven Universe/Season 2/Steven Universe - S02E20 - Sadie's Song HDTV-720p.mkv,,AV1 Tier 1 Efficient,I9-2024,True,0,161188476,103413186
51482,2026-07-29 08:22:58.918341,1,Steven Universe/Season 2/Steven Universe - S02E13 - Chille Tid HDTV-720p.mkv,,AV1 Tier 1 Efficient,wakko-worker-1,True,0,152578197,48727470
51483,2026-07-29 08:23:33.077996,1,Steven Universe/Season 2/Steven Universe - S02E22 - When It Rains HDTV-720p.mkv,,AV1 Tier 1 Efficient,dot-worker-1,True,0,151964620,104018018
52930,2026-08-01 21:38:39.189529,2,The Outsiders (1983)/The Outsiders (1983) Bluray-1080p.mp4,,AV1 Tier 2 Good,wakko-worker-1,True,0,1533982651,1089477765
53027,2026-08-02 07:50:59.624156,1,The Real Housewives of Orange County/Season 12/The Real Housewives of Orange County - S12E19 - Candle Wicks and Lunatics WEBDL-1080p.mkv,,AV1 Tier 1 Efficient,wakko-worker-1,True,0,1361760307,253715533
53028,2026-08-02 07:51:38.775398,1,The Real Housewives of Orange County/Season 12/The Real Housewives of Orange County - S12E01 - The Great Divide WEBDL-1080p.mkv,,AV1 Tier 1 Efficient,I9-2024,True,0,1361714927,360643496
53083,2026-08-02 09:25:35.988401,1,Portlandia/Season 5/Portlandia - S05E10 - Dead Pets WEBRip-1080p.mkv,,AV1 Tier 1 Efficient,I9-2024,True,0,477623669,177821936
53084,2026-08-02 09:25:44.210369,1,Portlandia/Season 5/Portlandia - S05E05 - 4th of July WEBRip-1080p.mkv,,AV1 Tier 1 Efficient,wakko-worker-1,True,0,468767335,116212769
53085,2026-08-02 09:26:02.673421,1,Portlandia/Season 5/Portlandia - S05E03 - Healthcare WEBRip-1080p.mkv,,AV1 Tier 1 Efficient,dot-worker-1,True,0,467547788,177903947
53157,2026-08-02 11:22:28.826415,1,The Sopranos/Season 6/The Sopranos - S06E09 - The Ride SDTV.avi,,AV1 Tier 1 Efficient,wakko-worker-1,True,0,363427840,136558000
53215,2026-08-02 12:27:37.195711,1,M-A-S-H/Season 2/M-A-S-H - S02E24 - A Smattering of Intelligence DVD.mkv,,AV1 Tier 1 Efficient,wakko-worker-1,True,0,183849112,71417628
53323,2026-08-02 13:57:43.720516,1,"Sabrina, The Teenage Witch/Season 1/Sabrina, The Teenage Witch - S01E15 - Hilda and Zelda - the Teenage Years DVD.avi",,AV1 Tier 1 Efficient,wakko-worker-1,True,0,182863802,54801936
53324,2026-08-02 13:58:10.313694,1,"Sabrina, The Teenage Witch/Season 1/Sabrina, The Teenage Witch - S01E01 - Pilot DVD.avi",,AV1 Tier 1 Efficient,dot-worker-1,True,0,182832944,91557706
53325,2026-08-02 13:58:49.885316,1,Darkwing Duck/Season 1/Darkwing Duck - S01E14 - Trading Faces DVD.avi,,AV1 Tier 1 Efficient,I9-2024,True,0,182831104,99215392
53360,2026-08-02 14:26:41.887377,1,Darkwing Duck/Season 1/Darkwing Duck - S01E64 - Kung Fooled SDTV.avi,,AV1 Tier 1 Efficient,wakko-worker-1,True,0,172730456,72445589
53361,2026-08-02 14:27:42.281041,1,Darkwing Duck/Season 1/Darkwing Duck - S01E61 - The Quiverwing Quack SDTV.avi,,AV1 Tier 1 Efficient,I9-2024,True,0,172680666,93381405
53461,2026-08-02 15:26:45.679201,1,Digimon Beatbreak/Season 1/Digimon Beatbreak - S01E24 - Overlapping Beats WEBDL-1080p.mkv,,AV1 Tier 1 Efficient,dot-worker-1,True,0,1479644443,205257784
53462,2026-08-02 15:27:25.277484,1,Digimon Beatbreak/Season 1/Digimon Beatbreak - S01E28 - GIFT WEBDL-1080p.mkv,,AV1 Tier 1 Efficient,wakko-worker-1,True,0,1479611678,140261539
53463,2026-08-02 15:28:35.112904,1,Digimon Beatbreak/Season 1/Digimon Beatbreak - S01E27 - Wandering Love WEBDL-1080p.mkv,,AV1 Tier 1 Efficient,I9-2024,True,0,1479517028,206250324
53471,2026-08-02 15:38:35.778067,1,Digimon Beatbreak/Season 1/Digimon Beatbreak - S01E32 - Cold Rain WEBDL-720p Proper.mkv,,AV1 Tier 1 Efficient,dot-worker-1,True,0,460057881,193611568
53502,2026-08-02 16:41:11.350419,1,The Flash (2014)/Season 1/The Flash (2014) - S01E18 - All Star Team Up WEBDL-720p.mkv,,AV1 Tier 1 Efficient,mediavortex-workers-worker-4,True,0,443268554,480142888
53509,2026-08-02 16:55:37.749652,1,Top Gear/Season 23/Top Gear - S23E06 - Episode 6 HDTV-720p.mkv,,AV1 Tier 1 Efficient,wakko-worker-1,True,0,1555373752,410615081
53560,2026-08-02 18:31:46.275685,1,She-Ra and the Princesses of Power/Season 5/She-Ra and the Princesses of Power - S05E06 - Taking Control SDTV.avi,,AV1 Tier 1 Efficient,wakko-worker-1,True,0,316082364,68181851
53569,2026-08-02 18:40:23.664604,1,Digimon Beatbreak/Season 1/Digimon Beatbreak - S01E33 - Midsummer Ghost WEBDL-480p.mkv,,AV1 Tier 1 Efficient,I9-2024,True,0,281298427,101522263
53583,2026-08-02 18:52:14.461243,1,Digimon Beatbreak/Season 1/Digimon Beatbreak - S01E34 - Behind the Mask WEBDL-480p.mkv,,AV1 Tier 1 Efficient,wakko-worker-1,True,0,262710686,89918076
53586,2026-08-02 18:55:36.481758,1,Digimon Beatbreak/Season 1/Digimon Beatbreak - S01E35 - Rampaging Instinct WEBDL-480p.mkv,,AV1 Tier 1 Efficient,wakko-worker-1,True,0,260182366,89883464
53642,2026-08-02 19:34:12.769217,1,Superstore/Season 5/Superstore - S05E08 - Toy Drive SDTV.mkv,,AV1 Tier 1 Efficient,I9-2024,True,0,189172776,90170645
53683,2026-08-02 20:03:21.335759,1,"Man v. Food/Season 1/Man v. Food - S01E02 - Memphis, TN SDTV.avi",,AV1 Tier 1 Efficient,I9-2024,True,0,181426932,90217561
53685,2026-08-02 20:05:09.347481,1,Minnie's Bow-Toons/Season 6/Minnie's Bow-Toons - S06E05 - Rocket Roller Skates WEBDL-1080p.mkv,,AV1 Tier 1 Efficient,I9-2024,True,0,180914854,25264067
53760,2026-08-02 23:01:41.339324,1,The Flash (2014)/Season 2/The Flash (2014) - S02E03 - Family of Rogues HDTV-720p.mkv,,AV1 Tier 1 Efficient,I9-2024,True,0,304204079,301550833
53820,2026-08-03 00:45:56.399330,1,Pokémon/Season 17/Pokémon - S17E46 - Facing the Needs of the Many! HDTV-720p_temp_replacement.mkv,,AV1 Tier 1 Efficient,wakko-worker-1,True,0,170611218,197670672
53832,2026-08-03 00:59:55.696141,1,Pokémon/Season 6/Pokémon - S06E16 - The Winner By a Nosepass HDTV-720p.mkv,,AV1 Tier 1 Efficient,dot-worker-1,True,0,127960812,140665681
53844,2026-08-03 01:14:53.248488,1,Law & Order - Special Victims Unit/Season 3/Law & Order - Special Victims Unit - S03E12 - Protection DVD-720p.mkv,,AV1 Tier 1 Efficient,I9-2024,True,0,114687825,117078067
53845,2026-08-03 01:16:18.613460,1,Law & Order - Special Victims Unit/Season 5/Law & Order - Special Victims Unit - S05E25 - Head DVD-720p.mkv,,AV1 Tier 1 Efficient,wakko-worker-1,True,0,114485551,117507752
53852,2026-08-03 01:26:48.300341,1,Law & Order - Special Victims Unit/Season 3/Law & Order - Special Victims Unit - S03E11 - Monogamy DVD-720p.mkv,,AV1 Tier 1 Efficient,mediavortex-workers-worker-1,True,0,110758031,113083812
53856,2026-08-03 01:32:11.515735,1,Law & Order - Special Victims Unit/Season 3/Law & Order - Special Victims Unit - S03E13 - Prodigy DVD-720p.mkv,,AV1 Tier 1 Efficient,I9-2024,True,0,109606540,112400493
53859,2026-08-03 01:35:47.564676,1,Law & Order - Special Victims Unit/Season 4/Law & Order - Special Victims Unit - S04E19 - Appearances DVD-720p.mkv,,AV1 Tier 1 Efficient,I9-2024,True,0,109159845,111805526
53870,2026-08-03 01:50:48.822935,1,Law & Order - Special Victims Unit/Season 4/Law & Order - Special Victims Unit - S04E07 - Dolls DVD-720p.mkv,,AV1 Tier 1 Efficient,wakko-worker-1,True,0,106141359,108914586
53879,2026-08-03 02:04:38.098971,1,Law & Order - Special Victims Unit/Season 12/Law & Order - Special Victims Unit - S12E20 - Totem DVD-720p.mkv,,AV1 Tier 1 Efficient,dot-worker-1,True,0,104835843,111975031
53885,2026-08-03 02:13:29.006832,1,Law & Order - Special Victims Unit/Season 11/Law & Order - Special Victims Unit - S11E01 - Unstable DVD-720p.mkv,,AV1 Tier 1 Efficient,wakko-worker-1,True,0,103982379,109311145
53886,2026-08-03 02:14:54.296816,1,Law & Order - Special Victims Unit/Season 8/Law & Order - Special Victims Unit - S08E06 - Infiltrated DVD-720p.mkv,,AV1 Tier 1 Efficient,I9-2024,True,0,103979526,108105467
53900,2026-08-03 02:38:37.076334,1,Full Circle (2023)/Season 1/Full Circle (2023) - S01E04 - Safe in the Circle WEBRip-1080p.mkv,,AV1 Tier 1 Efficient,wakko-worker-1,True,0,785750426,197981048
53904,2026-08-03 02:54:44.471952,1,Law & Order - Special Victims Unit/Season 8/Law & Order - Special Victims Unit - S08E12 - Outsider DVD-720p.mkv,,AV1 Tier 1 Efficient,dot-worker-1,True,0,101744020,107246665
53905,2026-08-03 02:56:11.143384,1,Law & Order - Special Victims Unit/Season 11/Law & Order - Special Victims Unit - S11E08 - Turmoil DVD-720p.mkv,,AV1 Tier 1 Efficient,wakko-worker-1,True,0,101596980,108949605
53910,2026-08-03 03:07:49.216734,1,Law & Order - Special Victims Unit/Season 8/Law & Order - Special Victims Unit - S08E18 - Responsible DVD-720p.mkv,,AV1 Tier 1 Efficient,wakko-worker-1,True,0,100814145,105543598
53923,2026-08-03 03:40:28.720594,1,Law & Order - Special Victims Unit/Season 3/Law & Order - Special Victims Unit - S03E22 - Competence DVD-720p.mkv,,AV1 Tier 1 Efficient,dot-worker-1,True,0,99312255,102485806
53928,2026-08-03 03:50:34.840139,1,Law & Order - Special Victims Unit/Season 11/Law & Order - Special Victims Unit - S11E22 - Ace DVD-720p.mkv,,AV1 Tier 1 Efficient,dot-worker-1,True,0,98322008,105321363
53970,2026-08-03 05:25:44.493065,1,Law & Order - Special Victims Unit/Season 7/Law & Order - Special Victims Unit - S07E11 - Alien DVD-720p.mkv,,AV1 Tier 1 Efficient,wakko-worker-1,True,0,94548816,99055486
54075,2026-08-03 08:38:12.293266,1,Pokémon/Season 18/Pokémon - S18E19 - A Guardian Rematch HDTV-720p.mkv,,AV1 Tier 1 Efficient,wakko-worker-1,True,0,64561065,64754853
54081,2026-08-03 08:43:35.966344,1,Pokémon/Season 14/Pokémon - S14E23 - Battling for the Love of Bug-Types! WEBDL-1080p.mkv,,AV1 Tier 1 Efficient,dot-worker-1,True,0,63839184,63170492
54099,2026-08-03 09:02:59.974292,1,Pokémon/Season 18/Pokémon - S18E124 - Living on the Cutting Edge! HDTV-720p.mkv,,AV1 Tier 1 Efficient,mediavortex-workers-worker-1,True,0,61981063,60838860
54114,2026-08-03 09:17:30.621009,1,Pokémon/Season 13/Pokémon - S13E19 - Coming Full Festival Circle! WEBDL-1080p.mkv,,AV1 Tier 1 Efficient,wakko-worker-1,True,0,60487541,59902068
54160,2026-08-03 10:03:31.003064,1,Pokémon/Season 12/Pokémon - S12E30 - Beating the Bustle and Hustle! WEBDL-1080p.mkv,,AV1 Tier 1 Efficient,mediavortex-workers-worker-1,True,0,57721652,57504783
54202,2026-08-03 10:45:41.052784,1,Pokémon/Season 13/Pokémon - S13E09 - The Fleeing Tower of Sunyshore! WEBDL-1080p.mkv,,AV1 Tier 1 Efficient,dot-worker-1,True,0,55521318,54989794
54226,2026-08-03 11:11:25.647565,1,Pokémon/Season 18/Pokémon - S18E71 - Dewpider Ascending! WEBDL-720p.mkv,,AV1 Tier 1 Efficient,wakko-worker-1,True,0,53178822,53677155
54246,2026-08-03 11:29:59.766920,1,"Pokémon/Season 18/Pokémon - S18E21 - One Journey Ends, Another Begins WEBDL-720p.mkv",,AV1 Tier 1 Efficient,wakko-worker-1,True,0,51243513,52099218
54575,2026-08-04 07:53:48.312611,1,Top Gear/Season 1/Top Gear - S01E08 - Episode 8 WEBDL-480p.mkv,,AV1 Tier 1 Efficient,dot-worker-1,True,0,963821718,252689749
54577,2026-08-04 07:54:40.068445,1,MythBusters/Season 2009/MythBusters - S2009E17 - Crash and Burn HDTV-1080p.mkv,,AV1 Tier 1 Efficient,I9-2024,True,0,961816656,368316965
54616,2026-08-04 09:50:53.718846,1,That Time I Got Reincarnated as a Slime/Season 2/That Time I Got Reincarnated as a Slime - S02E16 - The Congress Dances WEBDL-1080p Proper.mkv,,AV1 Tier 1 Efficient,wakko-worker-1,True,0,1497319798,91064658
54646,2026-08-04 10:53:56.271531,1,Top Gear/Season 8/Top Gear - S08E05 - Episode 5 WEBDL-480p.mkv,,AV1 Tier 1 Efficient,wakko-worker-1,True,0,935123935,266278475
54679,2026-08-04 11:57:02.085360,1,MythBusters/Season 2012/MythBusters - S2012E17 - Fright Night WEBRip-720p.mkv,,AV1 Tier 1 Efficient,dot-worker-1,True,0,872118278,374102125
54680,2026-08-04 11:57:34.927158,1,Love Island/Season 10/Love Island - S10E20 - Episode 20 WEBDL-720p.mp4,,AV1 Tier 1 Efficient,wakko-worker-1,True,0,867472428,280710274
54714,2026-08-04 12:59:00.127139,1,Love Island/Season 7/Love Island - S07E13 - Unseen Bits #2 HDTV-1080p.mkv,,AV1 Tier 1 Efficient,I9-2024,True,0,764583545,392168309
54716,2026-08-04 13:01:20.704104,1,MythBusters/Season 2007/MythBusters - S2007E13 - Snow Special WEBRip-720p.mkv,,AV1 Tier 1 Efficient,dot-worker-1,True,0,760037932,355640242
54789,2026-08-04 14:59:05.079372,1,Bear in the Big Blue House/Season 3/Bear in the Big Blue House - S03E06 - You Never Know WEBDL-480p.mp4,,AV1 Tier 1 Efficient,wakko-worker-1,True,0,676604633,216983437
54818,2026-08-04 15:44:50.027851,1,Bear in the Big Blue House/Season 2/Bear in the Big Blue House - S02E04 - Clear As A Bell WEBDL-480p.mp4,,AV1 Tier 1 Efficient,I9-2024,True,0,658375953,172108032
54831,2026-08-04 16:01:01.166232,1,Bear in the Big Blue House/Season 2/Bear in the Big Blue House - S02E07 - Back To Nature WEBDL-480p.mp4,,AV1 Tier 1 Efficient,dot-worker-1,True,0,656808601,169310525
54832,2026-08-04 16:03:06.379270,1,"Bear in the Big Blue House/Season 2/Bear in the Big Blue House - S02E11 - Oops, My Mistake WEBDL-480p.mp4",,AV1 Tier 1 Efficient,I9-2024,True,0,656525686,172261626
54843,2026-08-04 16:14:31.705571,1,Law & Order - Special Victims Unit/Season 3/Law & Order - Special Victims Unit - S03E12 - Protection DVD-720p.mkv,,AV1 Tier 1 Efficient,mediavortex-workers-worker-1,True,0,114687825,98200274
54853,2026-08-04 16:44:11.014279,1,Law & Order - Special Victims Unit/Season 5/Law & Order - Special Victims Unit - S05E25 - Head DVD-720p.mkv,,AV1 Tier 1 Efficient,mediavortex-workers-worker-2,True,0,114485551,98034685
54858,2026-08-04 16:58:04.005115,1,Love Island/Season 7/Love Island - S07E04 - Episode 4 HDTV-1080p.mkv,,AV1 Tier 1 Efficient,dot-worker-1,True,0,621085870,401349935
54862,2026-08-04 17:13:50.477332,1,Lilo & Stitch - The Series/Season 2/Lilo & Stitch - The Series - S02E12 - Belle HDTV-720p.mkv,,AV1 Tier 1 Efficient,wakko-worker-1,True,0,598139600,135513693
54880,2026-08-04 17:43:10.582895,1,Fullmetal Alchemist - Brotherhood/Season 1/Fullmetal Alchemist - Brotherhood - S01E33 - The Northern Wall of Briggs Bluray-1080p.mkv,,AV1 Tier 1 Efficient,dot-worker-1,True,0,571841301,256455401
54882,2026-08-04 17:49:18.161021,1,The Real Housewives of Orange County/Season 17/The Real Housewives of Orange County - S17E12 - Pumpkins & Paparazzi WEBDL-480p.mkv,,AV1 Tier 1 Efficient,I9-2024,True,0,568692706,187799650
54903,2026-08-04 18:19:12.914692,1,Lilo & Stitch - The Series/Season 1/Lilo & Stitch - The Series - S01E24 - Sinker HDTV-720p.mkv,,AV1 Tier 1 Efficient,wakko-worker-1,True,0,525020444,101797189
54904,2026-08-04 18:19:50.796042,1,Lilo & Stitch - The Series/Season 2/Lilo & Stitch - The Series - S02E08 - PJ HDTV-720p.mkv,,AV1 Tier 1 Efficient,dot-worker-1,True,0,525017667,180410609
54905,2026-08-04 18:19:58.629659,1,Lilo & Stitch - The Series/Season 1/Lilo & Stitch - The Series - S01E33 - HunkaHunka HDTV-720p.mkv,,AV1 Tier 1 Efficient,I9-2024,True,0,525013393,180860775
54923,2026-08-04 18:37:25.597392,1,Law & Order - Special Victims Unit/Season 3/Law & Order - Special Victims Unit - S03E11 - Monogamy DVD-720p.mkv,,AV1 Tier 1 Efficient,mediavortex-workers-worker-1,True,0,110758031,94084035
54945,2026-08-04 19:07:03.196624,1,Love Island/Season 13/Love Island - S13E43 - Episode 43 WEBDL-480p.mp4,,AV1 Tier 1 Efficient,dot-worker-1,True,0,510121157,256300039
54946,2026-08-04 19:08:39.672073,1,Fullmetal Alchemist - Brotherhood/Season 1/Fullmetal Alchemist - Brotherhood - S01E43 - Bite of the Ant Bluray-1080p.mkv,,AV1 Tier 1 Efficient,I9-2024,True,0,505939285,255130023
54952,2026-08-04 19:18:07.351421,1,"The Real Housewives of Orange County/Season 17/The Real Housewives of Orange County - S17E13 - Big News, Bigger Secret WEBDL-480p.mkv",,AV1 Tier 1 Efficient,wakko-worker-1,True,0,501338130,180337680
54962,2026-08-04 19:50:03.418219,1,Law & Order - Special Victims Unit/Season 3/Law & Order - Special Victims Unit - S03E13 - Prodigy DVD-720p.mkv,,AV1 Tier 1 Efficient,mediavortex-workers-worker-1,True,0,109606540,93644135
54964,2026-08-04 19:51:23.573364,1,Fullmetal Alchemist - Brotherhood/Season 1/Fullmetal Alchemist - Brotherhood - S01E32 - The Führer's Son Bluray-1080p.mkv,,AV1 Tier 1 Efficient,wakko-worker-1,True,0,455661098,139409883
54977,2026-08-04 20:10:53.708477,1,Top Gear/Season 3/Top Gear - S03E09 - Episode 9 WEBRip-480p.mkv,,AV1 Tier 1 Efficient,wakko-worker-1,True,0,428864033,235160914
54978,2026-08-04 20:19:29.765422,1,Top Gear/Season 3/Top Gear - S03E03 - Episode 3 WEBRip-480p.mkv,,AV1 Tier 1 Efficient,wakko-worker-1,True,0,427696005,226282905
54991,2026-08-04 20:55:44.031461,1,Animaniacs/Season 1/Animaniacs - S01E160 - The Warners 65th Anniversary Special SDTV.mkv,,AV1 Tier 1 Efficient,wakko-worker-1,True,0,419814422,93369475
54992,2026-08-04 20:57:49.277509,1,Law & Order - Special Victims Unit/Season 4/Law & Order - Special Victims Unit - S04E19 - Appearances DVD-720p.mkv,,AV1 Tier 1 Efficient,mediavortex-workers-worker-2,True,0,109159845,93299022
55018,2026-08-04 21:56:20.393656,1,Fullmetal Alchemist - Brotherhood/Season 1/Fullmetal Alchemist - Brotherhood - S01E10 - Separate Destinations Bluray-720p.mkv,,AV1 Tier 1 Efficient,wakko-worker-1,True,0,399101445,138909226
55027,2026-08-04 22:17:04.229624,1,Top Gear/Season 4/Top Gear - S04E06 - Episode 6 WEBRip-480p.mkv,,AV1 Tier 1 Efficient,dot-worker-1,True,0,387414569,142862345
55050,2026-08-04 23:04:53.021803,1,Lilo & Stitch - The Series/Season 2/Lilo & Stitch - The Series - S02E22 - Remmy HDTV-1080p.mkv,,AV1 Tier 1 Efficient,wakko-worker-1,True,0,367449957,106056841
55061,2026-08-04 23:22:44.620830,1,One Piece/Season 10/One Piece - S10E03 - Zoro's Imprisonment and Chopper's Emergency Operation! HDTV-1080p.mkv,,AV1 Tier 1 Efficient,dot-worker-1,True,0,364919941,196156239
55068,2026-08-04 23:33:05.261376,1,Animaniacs/Season 1/Animaniacs - S01E110 - And Justice for Slappy HDTV-1080p Proper.mkv,,AV1 Tier 1 Efficient,wakko-worker-1,True,0,356908379,138967478
55069,2026-08-04 23:33:59.309299,1,OK K.O.! Let's Be Heroes/Season 1/OK K.O.! Let's Be Heroes - S01E52 - You’re In Control WEBDL-720p.mkv,,AV1 Tier 1 Efficient,dot-worker-2,True,0,356193438,184259260
55096,2026-08-05 00:06:47.066293,1,Law & Order - Special Victims Unit/Season 4/Law & Order - Special Victims Unit - S04E07 - Dolls DVD-720p.mkv,,AV1 Tier 1 Efficient,mediavortex-workers-worker-1,True,0,106141359,90570800
55097,2026-08-05 00:07:15.582441,1,Lilo & Stitch - The Series/Season 2/Lilo & Stitch - The Series - S02E21 - Lax HDTV-720p.mkv,,AV1 Tier 1 Efficient,dot-worker-2,True,0,319631425,183732712
55098,2026-08-05 00:07:23.107247,1,Animaniacs/Season 1/Animaniacs - S01E158 - Lookit the Fuzzy Heads HDTV-1080p Proper.mkv,,AV1 Tier 1 Efficient,dot-worker-1,True,0,319420964,103239113
55099,2026-08-05 00:07:41.484843,1,OK K.O.! Let's Be Heroes/Season 1/OK K.O.! Let's Be Heroes - S01E25 - T.K.O WEBRip-1080p.mkv,,AV1 Tier 1 Efficient,wakko-worker-1,True,0,319129315,109197410
55100,2026-08-05 00:08:44.502757,1,Animaniacs/Season 1/Animaniacs - S01E26 - West Side Pigeons HDTV-1080p Proper.mkv,,AV1 Tier 1 Efficient,I9-2024,True,0,317171087,137485052
55101,2026-08-05 00:08:48.517428,1,Animaniacs/Season 1/Animaniacs - S01E16 - Piano Rag HDTV-1080p Proper.mkv,,AV1 Tier 1 Efficient,I9-2024,True,0,316116298,115754341
55102,2026-08-05 00:10:57.127714,1,OK K.O.! Let's Be Heroes/Season 3/OK K.O.! Let's Be Heroes - S03E13 - Let's Get Shadowy WEBDL-720p.mkv,,AV1 Tier 1 Efficient,dot-worker-1,True,0,312880636,93958575
55125,2026-08-05 00:25:15.737319,1,Animaniacs/Season 1/Animaniacs - S01E84 - Bubba Bo Bob Brain HDTV-1080p Proper.mkv,,AV1 Tier 1 Efficient,dot-worker-2,True,0,297603563,128216781
55126,2026-08-05 00:25:39.263955,1,Animaniacs/Season 1/Animaniacs - S01E20 - Wally Llama HDTV-1080p Proper.mkv,,AV1 Tier 1 Efficient,dot-worker-1,True,0,296940370,80053107
55128,2026-08-05 00:26:28.945474,1,Animaniacs/Season 1/Animaniacs - S01E109 - Windsor Hassle HDTV-1080p Proper.mkv,,AV1 Tier 1 Efficient,I9-2024,True,0,295969419,88178267
55129,2026-08-05 00:27:16.975598,1,OK K.O.! Let's Be Heroes/Season 2/OK K.O.! Let's Be Heroes - S02E04 - Be a Team HDTV-720p.mkv,,AV1 Tier 1 Efficient,I9-2024,True,0,295757695,105536236
55130,2026-08-05 00:27:49.629596,1,OK K.O.! Let's Be Heroes/Season 3/OK K.O.! Let's Be Heroes - S03E11 - Big Reveal WEBDL-720p.mkv,,AV1 Tier 1 Efficient,wakko-worker-1,True,0,295283403,74136623
55132,2026-08-05 00:29:08.990946,1,"OK K.O.! Let's Be Heroes/Season 3/OK K.O.! Let's Be Heroes - S03E02 - KO, Rad, and Enid! WEBDL-720p.mkv",,AV1 Tier 1 Efficient,I9-2024,True,0,293291972,93533783
55138,2026-08-05 00:32:31.306845,1,Love Island/Season 13/Love Island - S13E25 - Episode 25 WEBDL-480p.mkv,,AV1 Tier 1 Efficient,dot-worker-1,True,0,286502685,201542755
55144,2026-08-05 00:35:41.707947,1,Animaniacs/Season 1/Animaniacs - S01E21 - Where Rodents Dare HDTV-1080p Proper.mkv,,AV1 Tier 1 Efficient,wakko-worker-1,True,0,282238340,115458791
55148,2026-08-05 00:39:09.272174,1,Animaniacs/Season 1/Animaniacs - S01E149 - Baloney and Kids HDTV-1080p Proper.mkv,,AV1 Tier 1 Efficient,I9-2024,True,0,276658537,87135711
55149,2026-08-05 00:39:23.261080,1,Lilo & Stitch - The Series/Season 2/Lilo & Stitch - The Series - S02E27 - Snafu SDTV.avi,,AV1 Tier 1 Efficient,I9-2024,True,0,276506624,89966081
55200,2026-08-05 01:10:30.011910,1,Fullmetal Alchemist - Brotherhood/Season 1/Fullmetal Alchemist - Brotherhood - S01E52 - Combined Strength Bluray-480p.mkv,,AV1 Tier 1 Efficient,I9-2024,True,0,229009615,165434925
55202,2026-08-05 01:12:12.028461,1,Fullmetal Alchemist - Brotherhood/Season 1/Fullmetal Alchemist - Brotherhood - S01E61 - He Who Would Swallow God Bluray-480p.mkv,,AV1 Tier 1 Efficient,I9-2024,True,0,223092683,163996291
55204,2026-08-05 01:12:48.101258,1,Animaniacs/Season 1/Animaniacs - S01E108 - Kiki's Kitten HDTV-1080p Proper.mkv,,AV1 Tier 1 Efficient,dot-worker-2,True,0,218721934,97033398
55206,2026-08-05 01:14:28.094715,1,OK K.O.! Let's Be Heroes/Season 2/OK K.O.! Let's Be Heroes - S02E28 - Whacky Jaxxyz WEBRip-1080p.mkv,,AV1 Tier 1 Efficient,I9-2024,True,0,215282954,92395081
55253,2026-08-05 03:01:10.911460,1,Law & Order - Special Victims Unit/Season 12/Law & Order - Special Victims Unit - S12E20 - Totem DVD-720p.mkv,,AV1 Tier 1 Efficient,mediavortex-workers-worker-2,True,0,104835843,91947745
55260,2026-08-05 03:18:20.035476,1,"The 100 Girlfriends Who Really, Really, Really, Really, REALLY Love You/Season 2/The 100 Girlfriends Who Really, Really, Really, Really, REALLY Love You - S02E06 - A Homerun Promise Bluray-1080p.mkv",,AV1 Tier 1 Efficient,I9-2024,True,0,1533018755,213828983
55264,2026-08-05 03:26:36.222690,1,"Survival of the Thickest/Season 3/Survival of the Thickest - S03E08 - It's Survival of the Thickest, Bitch WEBDL-1080p.mkv",,AV1 Tier 1 Efficient,I9-2024,True,0,1498737077,248031421
55266,2026-08-05 03:28:02.264297,1,Castlevania - Nocturne/Season 1/Castlevania - Nocturne - S01E05 - The Natural Order Bluray-1080p.mkv,,AV1 Tier 3 Better,I9-2024,True,0,1489956833,651043650
55304,2026-08-05 04:35:06.247036,1,Pokémon/Season 20/Pokémon - S20E33 - Roar of the Black Rayquaza WEBDL-1080p.mkv,,AV1 Tier 3 Better,dot-worker-2,True,0,990435029,686929125
55305,2026-08-05 04:35:29.522864,1,Project Runway/Season 16/Project Runway - S16E05 - Descending into Good and Evil HDTV-720p.mkv,,AV1 Tier 1 Efficient,I9-2024,True,0,984692095,506087974
55312,2026-08-05 04:48:07.388069,1,"Survival of the Thickest/Season 3/Survival of the Thickest - S03E04 - C'est La Vie, Bitch! WEBDL-1080p.mkv",,AV1 Tier 1 Efficient,wakko-worker-1,True,0,937844455,148522129
55313,2026-08-05 04:52:07.460373,1,Law & Order - Special Victims Unit/Season 11/Law & Order - Special Victims Unit - S11E01 - Unstable DVD-720p.mkv,,AV1 Tier 1 Efficient,mediavortex-workers-worker-2,True,0,103982379,89934125
55314,2026-08-05 04:53:16.784394,1,Law & Order - Special Victims Unit/Season 8/Law & Order - Special Victims Unit - S08E06 - Infiltrated DVD-720p.mkv,,AV1 Tier 1 Efficient,mediavortex-workers-worker-1,True,0,103979526,89511322
55337,2026-08-05 06:23:14.717023,1,"Survival of the Thickest/Season 2/Survival of the Thickest - S02E02 - Dreams Do Come True at Afropunk, Bitch WEBDL-1080p.mkv",,AV1 Tier 1 Efficient,dot-worker-1,True,0,778841802,222722574
55343,2026-08-05 06:44:53.187804,1,Wentworth/Season 1/Wentworth - S01E08 - Mind Games WEBDL-1080p.mkv,,AV1 Tier 1 Efficient,I9-2024,True,0,770399273,368833989
55358,2026-08-05 07:21:49.289102,1,Fire Country/Season 2/Fire Country - S02E02 - Like Breathing Again HDTV-720p Proper.mkv,,AV1 Tier 2 Good,wakko-worker-1,True,0,749099506,232033718
55362,2026-08-05 07:33:37.255865,1,The Ancient Magus' Bride/Season 2/The Ancient Magus' Bride - S02E03 - Birds of a feather flock together. II WEBDL-720p.mkv,,AV1 Tier 1 Efficient,dot-worker-2,True,0,748194116,200656533
55370,2026-08-05 07:50:17.482919,1,The Ancient Magus' Bride/Season 2/The Ancient Magus' Bride - S02E19 - Man's extremity is God's opportunity WEBDL-720p.mkv,,AV1 Tier 1 Efficient,wakko-worker-1,True,0,747283425,70763243
55380,2026-08-05 08:03:40.336753,1,The Ancient Magus' Bride/Season 2/The Ancient Magus' Bride - S02E20 - Even a worm will turn WEBDL-720p.mkv,,AV1 Tier 1 Efficient,I9-2024,True,0,746199295,199607429
55381,2026-08-05 08:03:49.278065,1,The Ancient Magus' Bride/Season 2/The Ancient Magus' Bride - S02E05 - First impressions are the most lasting WEBDL-720p.mkv,,AV1 Tier 1 Efficient,dot-worker-1,True,0,746171615,200421400
55395,2026-08-05 08:33:53.654114,1,Law & Order - Special Victims Unit/Season 8/Law & Order - Special Victims Unit - S08E12 - Outsider DVD-720p.mkv,,AV1 Tier 1 Efficient,mediavortex-workers-worker-1,True,0,101744020,87933866
55403,2026-08-05 08:49:05.525374,1,The Circle (US)/Season 2/The Circle (US) - S02E07 - Friend Zoned WEBDL-720p.mkv,,AV1 Tier 1 Efficient,I9-2024,True,0,708778527,420720951
55407,2026-08-05 09:00:09.839909,1,The Ancient Magus' Bride/Season 1/The Ancient Magus' Bride - S01E08 - Let sleeping dogs lie Bluray-1080p.mkv,,AV1 Tier 1 Efficient,I9-2024,True,0,703427529,381392549
55409,2026-08-05 09:06:25.262422,1,Law & Order - Special Victims Unit/Season 11/Law & Order - Special Victims Unit - S11E08 - Turmoil DVD-720p.mkv,,AV1 Tier 1 Efficient,mediavortex-workers-worker-2,True,0,101596980,88687381
55422,2026-08-05 09:34:46.473284,1,"Survival of the Thickest/Season 2/Survival of the Thickest - S02E06 - The Category is Love, Bitch WEBDL-1080p.mkv",,AV1 Tier 1 Efficient,I9-2024,True,0,641274783,218902706
55430,2026-08-05 09:53:08.789547,1,The Circle (US)/Season 5/The Circle (US) - S05E08 - An F-Boy Is Exposed WEBRip-480p.mp4,,AV1 Tier 1 Efficient,I9-2024,True,0,617002859,264579548
55434,2026-08-05 10:07:43.471881,1,"Survival of the Thickest/Season 2/Survival of the Thickest - S02E04 - Mind Ya Business, Bitch! WEBDL-1080p.mkv",,AV1 Tier 1 Efficient,wakko-worker-1,True,0,606501539,452793954
55443,2026-08-05 10:25:28.947907,1,Law & Order - Special Victims Unit/Season 8/Law & Order - Special Victims Unit - S08E18 - Responsible DVD-720p.mkv,,AV1 Tier 1 Efficient,mediavortex-workers-worker-1,True,0,100814145,86601974
55449,2026-08-05 10:40:00.969728,1,The Circle (US)/Season 5/The Circle (US) - S05E01 - Single and Ready To Mingle WEBRip-480p.mp4,,AV1 Tier 1 Efficient,dot-worker-2,True,0,564716756,242437185
55451,2026-08-05 10:40:37.672979,1,The Circle (US)/Season 5/The Circle (US) - S05E11 - Circle Power Couple WEBRip-480p.mp4,,AV1 Tier 1 Efficient,I9-2024,True,0,553837840,236714509
55456,2026-08-05 10:55:02.127765,1,The Amazing Race/Season 38/The Amazing Race - S38E07 - It Feels Like Falling the Whole Time WEBDL-480p.mp4,,AV1 Tier 1 Efficient,I9-2024,True,0,545458749,285459294
55483,2026-08-05 11:42:06.578459,1,Banshee/Season 4/Banshee - S04E08 - Requiem SDTV.mp4,,AV1 Tier 1 Efficient,dot-worker-1,True,0,514305556,252822367
55513,2026-08-05 12:42:49.889012,1,"The Ancient Magus' Bride/Season 1/The Ancient Magus' Bride - S01E07 - Talk of the devil, and he is sure to appear Bluray-1080p.mkv",,AV1 Tier 1 Efficient,dot-worker-2,True,0,475486094,309562985
55514,2026-08-05 12:42:59.126782,1,The Circle (US)/Season 3/The Circle (US) - S03E08 - Full Out War WEBRip-480p.mp4,,AV1 Tier 1 Efficient,dot-worker-1,True,0,473910254,203576805
55516,2026-08-05 12:45:02.283130,1,The Circle (US)/Season 5/The Circle (US) - S05E09 - Return of the Inner Circle WEBRip-480p.mp4,,AV1 Tier 1 Efficient,I9-2024,True,0,472507740,200938068
55518,2026-08-05 12:48:26.376916,1,Homestead Rescue - Raney Ranch/Season 1/Homestead Rescue - Raney Ranch - S01E03 - Raney Days Are A-Comin' SDTV.mp4,,AV1 Tier 1 Efficient,I9-2024,True,0,472320573,176664025
55523,2026-08-05 12:52:54.477942,1,Paradise (2025)/Season 1/Paradise (2025) - S01E03 - The Architect of Social Well-Being WEBDL-480p.mp4,,AV1 Tier 1 Efficient,I9-2024,True,0,469090959,270009040
55530,2026-08-05 13:03:27.861572,1,"Homestead Rescue - Raney Ranch/Season 1/Homestead Rescue - Raney Ranch - S01E02 - One if by River, Two if by Air SDTV.mp4",,AV1 Tier 1 Efficient,wakko-worker-1,True,0,466563891,205617350
55533,2026-08-05 13:07:14.825442,1,Bleach/Season 17/Bleach - S17E05 - WRATH AS A LIGHTNING Bluray-1080p.mkv,,AV1 Tier 1 Efficient,I9-2024,True,0,465725030,209100847
55538,2026-08-05 13:12:09.981521,1,Disenchantment/Season 2/Disenchantment - S02E09 - The Madness of King Zøg WEBRip-720p.mkv,,AV1 Tier 1 Efficient,wakko-worker-1,True,0,463596421,127744517
55542,2026-08-05 13:17:55.466367,1,"Miss Kobayashi's Dragon Maid/Season 2/Miss Kobayashi's Dragon Maid - S02E01 - New Dragon, Ilulu! (Please Be Nice to Her Again) HDTV-720p.mkv",,AV1 Tier 1 Efficient,dot-worker-1,True,0,462768046,199462074
55543,2026-08-05 13:18:29.227759,1,Black Summoner/Season 1/Black Summoner - S01E12 - Another Reincarnated HDTV-1080p Proper.mkv,,AV1 Tier 1 Efficient,I9-2024,True,0,462589788,197710065
55585,2026-08-05 14:15:59.737883,1,Star Trek - Strange New Worlds/Season 3/Star Trek - Strange New Worlds - S03E04 - A Space Adventure Hour WEBDL-480p.mp4,,AV1 Tier 1 Efficient,I9-2024,True,0,450415821,259708140
55586,2026-08-05 14:16:00.773134,1,People of Earth/Season 2/People of Earth - S02E01 - New Beginnings WEBDL-720p.mkv,,AV1 Tier 1 Efficient,dot-worker-2,True,0,449849590,199417932
55596,2026-08-05 14:38:20.418831,1,Law & Order - Special Victims Unit/Season 3/Law & Order - Special Victims Unit - S03E22 - Competence DVD-720p.mkv,,AV1 Tier 1 Efficient,mediavortex-workers-worker-2,True,0,99312255,84135236
55610,2026-08-05 15:08:58.990225,1,Scorpion/Season 3/Scorpion S03E18 Don't Burst My Bubble-720p.mkv,,AV1 Tier 1 Efficient,wakko-worker-1,True,0,442936931,194736045
55624,2026-08-05 15:45:14.424675,1,The Wrong Way to Use Healing Magic/Season 1/The Wrong Way to Use Healing Magic - S01E11 - Wham! Ultimate Healing Punch! HDTV-1080p.mkv,,AV1 Tier 1 Efficient,I9-2024,True,0,438283796,213498718
55629,2026-08-05 15:54:47.996806,1,Law & Order - Special Victims Unit/Season 11/Law & Order - Special Victims Unit - S11E22 - Ace DVD-720p.mkv,,AV1 Tier 1 Efficient,mediavortex-workers-worker-1,True,0,98322008,85913802
55636,2026-08-05 16:10:09.179543,1,Abbott Elementary/Season 5/Abbott Elementary - S05E04 - Game Night HDTV-1080p.mkv,,AV1 Tier 1 Efficient,dot-worker-1,True,0,436889190,193522946
55638,2026-08-05 16:10:39.773042,1,New Girl/Season 3/New Girl - S03E07 - Coach WEBDL-720p.mp4,,AV1 Tier 1 Efficient,dot-worker-2,True,0,436522189,202986231
55639,2026-08-05 16:14:19.446764,1,Project Runway/Season 6/Project Runway - S06E10 - Around the World in Two Days WEBDL-480p.mkv,,AV1 Tier 1 Efficient,wakko-worker-1,True,0,436322626,254044247
55651,2026-08-05 16:48:54.962246,1,Good American Family/Season 1/Good American Family - S01E04 - Right There in Black and White WEBDL-480p.mp4,,AV1 Tier 1 Efficient,dot-worker-2,True,0,434456494,250197134
55660,2026-08-05 17:12:18.088705,1,Love Is Blind/Season 3/Love Is Blind - S03E02 - Love Triangles and Love Triumphs WEBRip-480p.mp4,,AV1 Tier 1 Efficient,dot-worker-1,True,0,433082860,265477983
55663,2026-08-05 17:25:36.774588,1,Ginny & Georgia/Season 2/Ginny & Georgia - S02E09 - Kill Gil WEBRip-480p.mp4,,AV1 Tier 1 Efficient,dot-worker-2,True,0,432705372,249780961
55664,2026-08-05 17:33:06.334964,1,Death March to the Parallel World Rhapsody/Season 1/Death March to the Parallel World Rhapsody - S01E03 - Love That Started With a Death March HDTV-720p.mkv,,AV1 Tier 1 Efficient,dot-worker-1,True,0,432464200,198709906
55693,2026-08-05 18:27:39.170037,1,A Knight of the Seven Kingdoms/Season 1/A Knight of the Seven Kingdoms - S01E03 - The Squire HDTV-720p.mkv,,AV1 Tier 1 Efficient,dot-worker-1,True,0,428427182,286616414
55696,2026-08-05 18:31:34.037163,1,Shimoneta - A Boring World Where the Concept of Dirty Jokes Doesn't Exist/Season 1/Shimoneta - A Boring World Where the Concept of Dirty Jokes Doesn't Exist - S01E10 - Masturbation Quest Bluray-1080p.mkv,,AV1 Tier 1 Efficient,I9-2024,True,0,428144067,247415846
55698,2026-08-05 18:33:52.877271,1,SPY x FAMILY/Season 2/SPY x FAMILY - S02E01 - FOLLOW MAMA AND PAPA WEBRip-1080p.mkv,,AV1 Tier 1 Efficient,dot-worker-2,True,0,428060180,198642623
55737,2026-08-05 19:53:14.125893,1,The Rising of the Shield Hero/Season 3/The Rising of the Shield Hero - S03E02 - Nadia WEBRip-1080p.mkv,,AV1 Tier 1 Efficient,dot-worker-1,True,0,422764872,195702763
55738,2026-08-05 19:54:06.902076,1,Black Summoner/Season 1/Black Summoner - S01E05 - Daughter of the Demon King HDTV-1080p Proper.mkv,,AV1 Tier 1 Efficient,wakko-worker-1,True,0,422586614,113310607
55770,2026-08-05 20:32:03.142999,1,Tell Me Lies/Season 1/Tell Me Lies - S01E02 - Hot-Blooded WEBRip-480p.mp4,,AV1 Tier 1 Efficient,wakko-worker-2,True,0,411345879,82557119
55784,2026-08-05 20:51:35.216062,1,Star Wars - The Clone Wars/Season 5/Star Wars - The Clone Wars - S05E01 - Revival Bluray-1080p.mkv,,AV1 Tier 1 Efficient,wakko-worker-2,True,0,405704540,125525857
55815,2026-08-05 21:37:13.170205,1,The Expanse/Season 4/The Expanse - S04E09 - Saeculum WEBRip-480p.mp4,,AV1 Tier 1 Efficient,dot-worker-1,True,0,397190103,185580531
55816,2026-08-05 21:37:36.018760,1,Madam Secretary/Season 4/Madam Secretary - S04E02 - Off the Record WEBRip-480p.mp4,,AV1 Tier 1 Efficient,dot-worker-2,True,0,396959416,182158334
55826,2026-08-05 21:50:06.624157,1,Yellowstone - One-Fifty/Season 1/Yellowstone - One-Fifty - S01E01 - A Magical Place WEBRip-480p.mp4,,AV1 Tier 1 Efficient,I9-2024,True,0,392052081,202755906
55863,2026-08-05 22:40:53.330297,1,Outer Banks/Season 2/Outer Banks - S02E02 - The Heist WEBRip-480p.mp4,,AV1 Tier 1 Efficient,I9-2024,True,0,379951514,222500838
55914,2026-08-05 23:34:13.794236,1,Doctor Who (2005)/Season 2/Doctor Who (2005) - S02E05 - Rise of the Cybermen (1) DVD.avi,,AV1 Tier 1 Efficient,dot-worker-2,True,0,367690702,198974074
55921,2026-08-05 23:42:34.006617,1,Longmire/Season 1/Longmire - S01E06 - The Worst Kind of Hunter DVD.avi,,AV1 Tier 1 Efficient,dot-worker-1,True,0,367630746,181210558
55929,2026-08-05 23:52:56.330780,1,American Horror Story/Season 1/American Horror Story - S01E02 - Home Invasion SDTV.avi,,AV1 Tier 1 Efficient,wakko-worker-2,True,0,367489610,74559938
55933,2026-08-05 23:55:38.689547,1,American Horror Story/Season 1/American Horror Story - S01E07 - Open House DVD.avi,,AV1 Tier 1 Efficient,I9-2024,True,0,367458752,175290641
55976,2026-08-06 00:41:44.319568,1,Doctor Who (2005)/Season 2/Doctor Who (2005) - S02E02 - Tooth and Claw DVD.avi,,AV1 Tier 1 Efficient,dot-worker-2,True,0,367027936,192017650
55977,2026-08-06 00:42:22.469498,1,Doctor Who (2005)/Season 2/Doctor Who (2005) - S02E04 - The Girl in the Fireplace DVD.avi,,AV1 Tier 1 Efficient,dot-worker-1,True,0,367016648,196897729
55979,2026-08-06 00:45:02.612461,1,Madam Secretary/Season 2/Madam Secretary - S02E01 - The Show Must Go On SDTV.avi,,AV1 Tier 1 Efficient,wakko-worker-2,True,0,366999500,112043519
55981,2026-08-06 00:47:51.629504,1,Madam Secretary/Season 2/Madam Secretary - S02E23 - Vartius SDTV.avi,,AV1 Tier 1 Efficient,I9-2024,True,0,366979838,181786165
55987,2026-08-06 00:55:04.056951,1,Justified/Season 2/Justified - S02E10 - Debts and Accounts DVD.avi,,AV1 Tier 1 Efficient,wakko-worker-1,True,0,366948134,82709506
55989,2026-08-06 00:55:40.593307,1,Doctor Who (2005)/Season 1/Doctor Who (2005) - S01E01 - Rose DVD.avi,,AV1 Tier 1 Efficient,dot-worker-1,True,0,366886257,190337339
55990,2026-08-06 00:59:09.816210,1,"Gilmore Girls/Season 4/Gilmore Girls - S04E21 - Last Week Fights, This Week Tights DVD.avi",,AV1 Tier 1 Efficient,I9-2024,True,0,366819798,186224849
56034,2026-08-06 01:44:46.388460,1,Doctor Who (2005)/Season 4/Doctor Who (2005) - S04E03 - Planet of the Ood DVD.avi,,AV1 Tier 1 Efficient,wakko-worker-1,True,0,365372382,156112421
56037,2026-08-06 01:47:37.004825,1,Baby Reindeer/Season 1/Baby Reindeer - S01E04 - Episode 4 SDTV.avi,,AV1 Tier 1 Efficient,dot-worker-1,True,0,365298444,184378952
56041,2026-08-06 01:50:16.808987,1,Doctor Who (2005)/Season 5/Doctor Who (2005) - S05E09 - Cold Blood (2) DVD.avi,,AV1 Tier 1 Efficient,I9-2024,True,0,365192584,195228658
56049,2026-08-06 02:00:13.194870,1,Dr. STONE/Season 4/Dr. STONE - S04E31 - UNKNOWN KNOWN WEBDL-1080p.mkv,,AV1 Tier 1 Efficient,dot-worker-1,True,0,1529452954,213161902
56050,2026-08-06 02:00:27.123169,1,Dr. STONE/Season 4/Dr. STONE - S04E35 - GIANT STEP WEBDL-1080p.mkv,,AV1 Tier 1 Efficient,wakko-worker-2,True,0,1512182907,121327490
56052,2026-08-06 02:02:16.501566,1,Dr. STONE/Season 4/Dr. STONE - S04E36 - WHY-MAN WEBDL-1080p.mkv,,AV1 Tier 1 Efficient,wakko-worker-1,True,0,1041854628,131143370
56053,2026-08-06 02:03:01.063260,1,Dr. STONE/Season 4/Dr. STONE - S04E25 - FUTURE ENGINE WEBDL-720p.mkv,,AV1 Tier 1 Efficient,dot-worker-2,True,0,754293146,199498722
56054,2026-08-06 02:03:38.989984,1,Dr. STONE/Season 4/Dr. STONE - S04E20 - What I Once Sought to Destroy WEBDL-720p.mkv,,AV1 Tier 1 Efficient,I9-2024,True,0,753443799,197688339
56105,2026-08-06 02:53:31.910831,1,Big Mouth/Season 6/Big Mouth - S06E02 - Twenty Two and You SDTV.avi,,AV1 Tier 1 Efficient,I9-2024,True,0,352867390,114455884
56116,2026-08-06 03:03:31.713888,1,Snowpiercer/Season 2/Snowpiercer - S02E01 - The Time of Two Engines SDTV.avi,,AV1 Tier 1 Efficient,dot-worker-2,True,0,349641122,198432155
56118,2026-08-06 03:04:52.871838,1,PEN15/Season 2/PEN15 - S02E13 - Luminaria SDTV.avi,,AV1 Tier 1 Efficient,wakko-worker-1,True,0,348518212,68247241
56119,2026-08-06 03:05:11.852031,1,Georgie & Mandy's First Marriage/Season 1/Georgie & Mandy's First Marriage - S01E17 - Two Idiots on a Dirt Bike HDTV-720p.mkv,,AV1 Tier 1 Efficient,dot-worker-1,True,0,347955327,164859000
56120,2026-08-06 03:06:07.561117,1,Ping Pong The Animation/Season 1/Ping Pong The Animation - S01E09 - Gonna Cry a Bit HDTV-720p.mp4,,AV1 Tier 1 Efficient,wakko-worker-2,True,0,347948974,100058964
56121,2026-08-06 03:09:06.155620,1,The Garfield Show/Season 2/The Garfield Show - S02E47-E48 - True Colors + The Mole Express WEBDL-720p.mkv,,AV1 Tier 1 Efficient,I9-2024,True,0,347844116,196284470
56147,2026-08-06 03:37:43.814540,1,Law & Order - Special Victims Unit/Season 7/Law & Order - Special Victims Unit - S07E11 - Alien DVD-720p.mkv,,AV1 Tier 1 Efficient,mediavortex-workers-worker-2,True,0,94548816,79743738
56154,2026-08-06 03:49:38.263710,1,Letterkenny/Season 9/Letterkenny - S09E06 - Breastaurant WEBDL-720p.mkv,,AV1 Tier 1 Efficient,dot-worker-1,True,0,338344018,183659821
56155,2026-08-06 03:49:55.934068,1,PEN15/Season 2/PEN15 - S02E06 - Play SDTV.avi,,AV1 Tier 1 Efficient,wakko-worker-2,True,0,338152306,76723063
56158,2026-08-06 03:55:54.197487,1,Scooby-Doo! Mystery Incorporated/Season 1/Scooby-Doo! Mystery Incorporated - S01E23 - A Haunting in Crystal Cove HDTV-720p.mp4,,AV1 Tier 1 Efficient,dot-worker-2,True,0,337669196,187806247
56159,2026-08-06 03:55:55.191841,1,Hybrid x Heart Magias Academy Ataraxia/Season 1/Hybrid x Heart Magias Academy Ataraxia - S01E03 - Gentle Days -MEMORIES- WEBDL-720p.mkv,,AV1 Tier 1 Efficient,wakko-worker-1,True,0,337526129,89072566
56177,2026-08-06 04:11:17.648707,1,Suits/Season 7/Suits - S07E16 - Good-Bye HDTV-720p.mkv,,AV1 Tier 1 Efficient,mediavortex-workers-worker-1,True,0,434648073,256212988
56193,2026-08-06 04:53:14.444774,1,The Legend of Vox Machina/Season 4/The Legend of Vox Machina - S04E01 - One Year Later… WEBDL-1080p.mkv,,AV1 Tier 1 Efficient,I9-2024,True,0,606788352,272286739
56196,2026-08-06 04:58:46.515254,1,Madam Secretary/Season 6/Madam Secretary - S06E06 - Deepfake WEBDL-1080p.mkv,,AV1 Tier 1 Efficient,I9-2024,True,0,589832087,368263383
56200,2026-08-06 05:13:24.929348,1,To LOVE-Ru/Season 1/To LOVE-Ru - S01E15 - Princess of the Jungle WEBDL-1080p.mkv,,AV1 Tier 1 Efficient,I9-2024,True,0,579295138,200657668
56201,2026-08-06 05:14:42.878929,1,To LOVE-Ru/Season 1/To LOVE-Ru - S01E04 - A Love Apron From Outer Space WEBDL-1080p.mkv,,AV1 Tier 1 Efficient,I9-2024,True,0,579140047,202247739
56227,2026-08-06 05:55:09.929041,1,The Legend of Vox Machina/Season 4/The Legend of Vox Machina - S04E06 - We Are His Blood WEBDL-1080p.mkv,,AV1 Tier 1 Efficient,I9-2024,True,0,560535813,240919262
56229,2026-08-06 05:58:40.023686,1,Servant/Season 1/Servant - S01E10 - Balloon WEBRip-1080p.mp4,,AV1 Tier 1 Efficient,I9-2024,True,0,559834726,306710469
56231,2026-08-06 06:09:12.182613,1,Servant/Season 1/Servant - S01E02 - Wood WEBRip-1080p.mp4,,AV1 Tier 1 Efficient,I9-2024,True,0,539167293,289207663
56245,2026-08-06 07:02:53.037299,1,Servant/Season 3/Servant - S03E03 - Hair WEBDL-1080p.mkv,,AV1 Tier 1 Efficient,I9-2024,True,0,481778729,276278920
56251,2026-08-06 07:21:17.353834,1,The Seven Deadly Sins - Four Knights of the Apocalypse/Season 2/The Seven Deadly Sins - Four Knights of the Apocalypse - S02E10 - Wavering Hearts WEBDL-1080p.mkv,,AV1 Tier 1 Efficient,I9-2024,True,0,455834501,198126330
56257,2026-08-06 07:33:57.775964,1,Love Island/Season 5/Love Island - S05E22 - Episode 19 HDTV-1080p.mkv,,AV1 Tier 1 Efficient,mediavortex-workers-worker-2,True,0,641316669,603157319
56270,2026-08-06 08:06:06.262831,1,The Legend of Vox Machina/Season 2/The Legend of Vox Machina - S02E02 - The Trials of Vasselheim WEBRip-1080p.mkv,,AV1 Tier 1 Efficient,I9-2024,True,0,422052816,234267802
56274,2026-08-06 08:18:18.482283,1,The Legend of Vox Machina/Season 2/The Legend of Vox Machina - S02E05 - Pass Through Fire WEBRip-1080p.mkv,,AV1 Tier 1 Efficient,I9-2024,True,0,417663217,237033500
56280,2026-08-06 08:35:04.517504,1,Love Island/Season 7/Love Island - S07E54 - Episode 47 HDTV-1080p.mkv,,AV1 Tier 1 Efficient,mediavortex-workers-worker-1,True,0,634438009,533775466
56284,2026-08-06 08:50:44.025610,1,Love Island/Season 12/Love Island - S12E39 - Episode 39 HDTV-1080p.mkv,,AV1 Tier 1 Efficient,mediavortex-workers-worker-2,True,0,631191164,615140597
56289,2026-08-06 09:05:45.244808,1,The Legend of Vox Machina/Season 2/The Legend of Vox Machina - S02E01 - Rise of the Chroma Conclave WEBRip-1080p.mkv,,AV1 Tier 1 Efficient,I9-2024,True,0,386490892,224321804
56290,2026-08-06 09:09:23.408468,1,The Legend of Vox Machina/Season 2/The Legend of Vox Machina - S02E10 - The Kill Box WEBRip-1080p.mkv,,AV1 Tier 1 Efficient,I9-2024,True,0,381575986,240195069
56292,2026-08-06 09:14:17.429591,1,The Seven Deadly Sins - Four Knights of the Apocalypse/Season 1/The Seven Deadly Sins - Four Knights of the Apocalypse - S01E12 - A Sinister Endeavor WEBDL-1080p.mkv,,AV1 Tier 1 Efficient,I9-2024,True,0,374167559,201284735
56296,2026-08-06 09:23:09.622293,1,The Legend of Vox Machina/Season 2/The Legend of Vox Machina - S02E03 - The Sunken Tomb WEBRip-1080p.mkv,,AV1 Tier 1 Efficient,I9-2024,True,0,361595987,235021268
56324,2026-08-06 10:11:36.799379,1,Xena - Warrior Princess/Season 1/Xena - Warrior Princess - S01E06 - The Reckoning WEBDL-480p.mkv,,AV1 Tier 1 Efficient,I9-2024,True,0,329829640,193290298
56325,2026-08-06 10:12:26.944182,1,Dr. STONE/Season 4/Dr. STONE - S04E08 - LOCK ON HDTV-1080p.mkv,,AV1 Tier 1 Efficient,I9-2024,True,0,329431122,237823768
56328,2026-08-06 10:20:03.293306,1,She-Hulk - Attorney at Law/Season 1/She-Hulk - Attorney at Law - S01E09 - Whose Show is This SDTV.avi,,AV1 Tier 1 Efficient,I9-2024,True,0,328047002,132868545
56332,2026-08-06 10:27:39.512243,1,Krapopolis/Season 3/Krapopolis - S03E03 - Basket Baby HDTV-720p.mkv,,AV1 Tier 1 Efficient,I9-2024,True,0,325890847,199605425
56333,2026-08-06 10:27:47.515326,1,Krapopolis/Season 3/Krapopolis - S03E06 - Plague and Fury HDTV-720p.mkv,,AV1 Tier 1 Efficient,I9-2024,True,0,325779904,196525999
56359,2026-08-06 11:16:18.749089,1,Secret Invasion/Season 1/Secret Invasion - S01E03 - Betrayed SDTV.avi,,AV1 Tier 1 Efficient,I9-2024,True,0,319953452,172415701
56361,2026-08-06 11:18:22.791163,1,Legacies/Season 3/Legacies - S03E12 - I Was Made to Love You SDTV.avi,,AV1 Tier 1 Efficient,I9-2024,True,0,319113134,178854642
56362,2026-08-06 11:20:50.844081,1,Squid Game - The Challenge/Season 2/Squid Game - The Challenge - S02E04 - Mingle WEBDL-480p.26.mp4,,AV1 Tier 1 Efficient,I9-2024,True,0,318987305,205707964
56377,2026-08-06 11:47:49.200564,1,Love Island/Season 5/Love Island - S05E24 - Episode 21 HDTV-1080p.mkv,,AV1 Tier 1 Efficient,mediavortex-workers-worker-1,True,0,590513685,555099513
56395,2026-08-06 12:21:20.482976,1,Secret Invasion/Season 1/Secret Invasion - S01E06 - Home SDTV.avi,,AV1 Tier 1 Efficient,I9-2024,True,0,309036694,147643642
56396,2026-08-06 12:23:34.515724,1,Disenchantment/Season 2/Disenchantment - S02E18 - Spy Vs. Spy Vs. Spy SDTV.avi,,AV1 Tier 1 Efficient,I9-2024,True,0,309005934,120343774
56397,2026-08-06 12:25:34.607595,1,Krapopolis/Season 3/Krapopolis - S03E09 - Nike (the Goddness) HDTV-720p.mkv,,AV1 Tier 1 Efficient,I9-2024,True,0,308973404,179244244
56399,2026-08-06 12:26:38.582240,1,The Legend of Korra/Season 4/The Legend of Korra - S04E10 - Operation Beifong WEBRip-720p.mkv,,AV1 Tier 1 Efficient,I9-2024,True,0,307918309,186032384
56404,2026-08-06 12:36:50.883187,1,Snowpiercer/Season 1/Snowpiercer - S01E04 - Without Their Maker SDTV.avi,,AV1 Tier 1 Efficient,I9-2024,True,0,304543326,198930697
56434,2026-08-06 13:25:21.949268,1,Loki/Season 1/Loki - S01E03 - Lamentis SDTV.avi,,AV1 Tier 1 Efficient,I9-2024,True,0,290231212,167930543
56435,2026-08-06 13:27:27.985767,1,"Scooby-Doo, Where Are You!/Season 1/Scooby-Doo, Where Are You! - S01E09 - The Backstage Rage SDTV.avi",,AV1 Tier 1 Efficient,I9-2024,True,0,290182922,92665141
56436,2026-08-06 13:29:36.050724,1,"Scooby-Doo, Where Are You!/Season 1/Scooby-Doo, Where Are You! - S01E03 - Hassle in the Castle SDTV.avi",,AV1 Tier 1 Efficient,I9-2024,True,0,290004664,91888645
56510,2026-08-06 16:58:55.501710,1,Trollhunters - Tales of Arcadia/Season 2/Trollhunters - Tales of Arcadia - S02E10 - The Reckless Club SDTV.avi,,AV1 Tier 1 Efficient,wakko-worker-1,True,0,246866248,61525575
56511,2026-08-06 16:59:17.500072,1,Dennis the Menace/Season 1/Dennis the Menace - S01E06 - Dennis' Garden SDTV.avi,,AV1 Tier 1 Efficient,dot-worker-1,True,0,245366784,105892359
56512,2026-08-06 17:00:05.524055,1,Dennis the Menace/Season 1/Dennis the Menace - S01E07 - The New Neighbors SDTV.avi,,AV1 Tier 1 Efficient,I9-2024,True,0,245366784,102807706
56603,2026-08-06 17:59:51.833048,1,Family Matters/Season 6/Family Matters - S06E01 - To Be or Not to Be (1) DVD.avi,,AV1 Tier 1 Efficient,I9-2024,True,0,211544106,95324930
56604,2026-08-06 18:00:34.224493,1,Family Matters/Season 9/Family Matters - S09E01 - Out with the Old DVD.avi,,AV1 Tier 1 Efficient,dot-worker-2,True,0,211366872,92961708
56605,2026-08-06 18:01:24.135394,1,Family Matters/Season 9/Family Matters - S09E17 - Polkapalooza DVD.avi,,AV1 Tier 1 Efficient,wakko-worker-1,True,0,211210802,101773552
56606,2026-08-06 18:01:29.965201,1,What's New Scooby-Doo!/Season 2/What's New Scooby-Doo! - S02E02 - Mummy Scares Best WEBRip-480p.mp4,,AV1 Tier 1 Efficient,I9-2024,True,0,210952520,91294414
56607,2026-08-06 18:02:34.009137,1,What's New Scooby-Doo!/Season 1/What's New Scooby-Doo! - S01E12 - Pompeii and Circumstance WEBRip-480p.mp4,,AV1 Tier 1 Efficient,dot-worker-1,True,0,210910577,91110281
56608,2026-08-06 18:03:11.948772,1,Family Matters/Season 9/Family Matters - S09E11 - Deck the Malls DVD.avi,,AV1 Tier 1 Efficient,I9-2024,True,0,210113774,94204449
56672,2026-08-06 18:40:27.295151,1,Fullmetal Alchemist/Season 1/Fullmetal Alchemist - S01E24 - Bonding Memories Bluray-480p.mkv,Post-encode pipeline failed: ProcessFileReplacement returned failure for TranscodeAttempt 56672: Refusing to overwrite existing file at target: T:\Fullmetal Alchemist\Season 1\Fullmetal Alchemist - S01E24 - Bonding Memories Bluray-480p-mv.mp4. A prior replacement may have partially succeeded and left this artifact behind.,AV1 Tier 1 Efficient,I9-2024,False,0,201012019,168073138
56684,2026-08-06 18:48:48.406491,1,Madam Secretary/Season 3/Madam Secretary - S03E16 - Swept Away WEBDL-480p.mkv,Post-encode pipeline failed: ProcessFileReplacement returned failure for TranscodeAttempt 56684: Refusing to overwrite existing file at target: /mnt/media_tv/Madam Secretary/Season 3/Madam Secretary - S03E16 - Swept Away WEBDL-480p-mv.mp4. A prior replacement may have partially succeeded and left this artifact behind.,AV1 Tier 1 Efficient,dot-worker-1,False,0,195790111,185249231
56688,2026-08-06 18:51:29.557481,1,Sonic X/Season 1/Sonic X - S01E19 - Sonic's Scream Test Bluray-480p.mkv,Post-encode pipeline failed: ProcessFileReplacement returned failure for TranscodeAttempt 56688: Refusing to overwrite existing file at target: T:\Sonic X\Season 1\Sonic X - S01E19 - Sonic's Scream Test Bluray-480p-mv.mp4. A prior replacement may have partially succeeded and left this artifact behind.,AV1 Tier 1 Efficient,I9-2024,False,0,194741535,95190135
56702,2026-08-06 19:01:16.852350,1,Family Matters/Season 8/Family Matters - S08E02 - Paris Vacation (2) DVD.avi,,AV1 Tier 1 Efficient,wakko-worker-1,True,0,187611218,78209210
56705,2026-08-06 19:01:50.750371,1,Fullmetal Alchemist - Brotherhood/Season 1/Fullmetal Alchemist - Brotherhood - S01E53 - Flame of Vengeance Bluray-480p.mkv,,AV1 Tier 1 Efficient,dot-worker-2,True,0,187116783,164019436
56706,2026-08-06 19:03:37.803094,1,Family Matters/Season 6/Family Matters - S06E19 - My Bodyguard DVD.avi,,AV1 Tier 1 Efficient,I9-2024,True,0,186321469,91958124
56707,2026-08-06 19:03:38.508586,1,Family Matters/Season 8/Family Matters - S08E06 - Getting Buff DVD.avi,,AV1 Tier 1 Efficient,dot-worker-1,True,0,186185155,91458724
56709,2026-08-06 19:04:32.850378,1,"OK K.O.! Let's Be Heroes/Season 2/OK K.O.! Let's Be Heroes - S02E14 - Wisdom, Strength and Charisma WEBRip-1080p.mkv",,AV1 Tier 1 Efficient,wakko-worker-1,True,0,184869907,64569893
56777,2026-08-06 19:44:37.787783,1,Love Island/Season 2/Love Island - S02E17 - Episode 17 HDTV-720p.mkv,,AV1 Tier 1 Efficient,mediavortex-workers-worker-2,True,0,547018945,530979918
56809,2026-08-06 20:04:10.745150,1,"Sabrina, The Teenage Witch/Season 7/Sabrina, The Teenage Witch - S07E06 - Sabrina Unplugged WEBRip-480p.mkv",,AV1 Tier 1 Efficient,wakko-worker-1,True,0,162332718,81852698
56810,2026-08-06 20:04:33.836114,1,"Sabrina, The Teenage Witch/Season 7/Sabrina, The Teenage Witch - S07E05 - Free Sabrina WEBRip-480p.mkv",,AV1 Tier 1 Efficient,dot-worker-2,True,0,162239879,93059488
56811,2026-08-06 20:04:58.799430,1,"Sabrina, The Teenage Witch/Season 7/Sabrina, The Teenage Witch - S07E10 - Ping, Ping a Song WEBRip-480p.mkv",,AV1 Tier 1 Efficient,I9-2024,True,0,162033700,93544644
56812,2026-08-06 20:04:58.812617,1,"Sabrina, The Teenage Witch/Season 7/Sabrina, The Teenage Witch - S07E17 - Romance Looming WEBRip-480p.mkv",,AV1 Tier 1 Efficient,I9-2024,True,0,161989579,93349565
56813,2026-08-06 20:05:20.545009,1,"Sabrina, The Teenage Witch/Season 3/Sabrina, The Teenage Witch - S03E22 - The Long and Winding Short Cut WEBRip-480p.mkv",,AV1 Tier 1 Efficient,dot-worker-1,True,0,161977752,92134033
56815,2026-08-06 20:07:35.865861,1,OK K.O.! Let's Be Heroes/Season 2/OK K.O.! Let's Be Heroes - S02E22 - CarolQuest WEBRip-1080p.mkv,,AV1 Tier 1 Efficient,dot-worker-2,True,0,161938182,90815177
56832,2026-08-06 20:16:58.784126,1,"Sabrina, The Teenage Witch/Season 3/Sabrina, The Teenage Witch - S03E06 - Good Will Haunting WEBRip-480p.mkv",,AV1 Tier 1 Efficient,wakko-worker-1,True,0,160314449,71054129
56833,2026-08-06 20:17:37.070362,1,OK K.O.! Let's Be Heroes/Season 1/OK K.O.! Let's Be Heroes - S01E23 - Second First Date WEBRip-1080p.mkv,,AV1 Tier 1 Efficient,I9-2024,True,0,160275733,92671607
56835,2026-08-06 20:18:46.700616,1,"Sabrina, The Teenage Witch/Season 1/Sabrina, The Teenage Witch - S01E10 - Sweet and Sour Victory WEBRip-480p.mkv",,AV1 Tier 1 Efficient,dot-worker-1,True,0,160205541,94409494
56836,2026-08-06 20:18:59.971135,1,"Sabrina, The Teenage Witch/Season 3/Sabrina, The Teenage Witch - S03E19 - The Big Sleep WEBRip-480p.mkv",,AV1 Tier 1 Efficient,dot-worker-2,True,0,160168073,91425207
56837,2026-08-06 20:19:05.073960,1,"Sabrina, The Teenage Witch/Season 7/Sabrina, The Teenage Witch - S07E21 - What a Witch Wants WEBRip-480p.mkv",,AV1 Tier 1 Efficient,I9-2024,True,0,160098601,92571282
56838,2026-08-06 20:19:11.109737,1,"Sabrina, The Teenage Witch/Season 3/Sabrina, The Teenage Witch - S03E25 - The Good, the Bad and the Luau WEBRip-480p.mkv",,AV1 Tier 1 Efficient,I9-2024,True,0,159877753,92639013
56839,2026-08-06 20:20:06.865271,1,"Sabrina, The Teenage Witch/Season 4/Sabrina, The Teenage Witch - S04E08 - Aging, Not So Gracefully WEBRip-480p.mkv",,AV1 Tier 1 Efficient,wakko-worker-1,True,0,159731672,79751930
56840,2026-08-06 20:21:09.140484,1,"Sabrina, The Teenage Witch/Season 6/Sabrina, The Teenage Witch - S06E22 - I Fall to Pieces WEBRip-480p.mkv",,AV1 Tier 1 Efficient,I9-2024,True,0,159685417,93317140
56842,2026-08-06 20:21:45.180915,1,"Sabrina, The Teenage Witch/Season 1/Sabrina, The Teenage Witch - S01E13 - Jenny's Non-Dream WEBRip-480p.mkv",,AV1 Tier 1 Efficient,I9-2024,True,0,159683759,94141109
56945,2026-08-06 21:09:21.171814,1,My Life as a Teenage Robot/Season 3/My Life as a Teenage Robot - S03E25 - Samurai Vac DVD.mkv,,AV1 Tier 1 Efficient,dot-worker-1,True,0,101156132,52479245
56946,2026-08-06 21:09:53.295295,1,The Ren & Stimpy Show/Season 3/The Ren & Stimpy Show - S03E16 - Lair of the Lummox DVD.mkv,,AV1 Tier 1 Efficient,wakko-worker-1,True,0,101094347,37512384
56948,2026-08-06 21:10:14.385859,1,My Life as a Teenage Robot/Season 3/My Life as a Teenage Robot - S03E20 - Historionics DVD.mkv,,AV1 Tier 1 Efficient,dot-worker-2,True,0,99517600,51520841
56949,2026-08-06 21:10:18.988327,1,My Life as a Teenage Robot/Season 3/My Life as a Teenage Robot - S03E18 - Indes-Tuck-tible DVD.mkv,,AV1 Tier 1 Efficient,I9-2024,True,0,99216261,51678787
56950,2026-08-06 21:10:35.009585,1,My Life as a Teenage Robot/Season 3/My Life as a Teenage Robot - S03E16 - Trash Talk DVD.mkv,,AV1 Tier 1 Efficient,I9-2024,True,0,98660516,50513663
56951,2026-08-06 21:11:15.187020,1,The Ren & Stimpy Show/Season 2/The Ren & Stimpy Show - S02E11 - Son of Stimpy DVD.mkv,,AV1 Tier 1 Efficient,dot-worker-1,True,0,97360282,49746731
56952,2026-08-06 21:11:29.025609,1,The Ren & Stimpy Show/Season 4/The Ren & Stimpy Show - S04E07 - Farm Hands DVD.mkv,,AV1 Tier 1 Efficient,I9-2024,True,0,96951337,48099539
56953,2026-08-06 21:11:45.374722,1,My Life as a Teenage Robot/Season 3/My Life as a Teenage Robot - S03E22 - Labor Day DVD.mkv,,AV1 Tier 1 Efficient,wakko-worker-1,True,0,96688450,40792528
56954,2026-08-06 21:11:47.207666,1,Adventure Time/Season 1/Adventure Time - S01E15 - What is Life Bluray-480p.mkv,,AV1 Tier 1 Efficient,I9-2024,True,0,93837737,51226914
56955,2026-08-06 21:12:06.404538,1,The Ren & Stimpy Show/Season 3/The Ren & Stimpy Show - S03E12 - Jerry the Bellybutton Elf DVD.mkv,,AV1 Tier 1 Efficient,dot-worker-2,True,0,93029663,50413448
56956,2026-08-06 21:12:35.057606,1,My Life as a Teenage Robot/Season 3/My Life as a Teenage Robot - S03E02 - There's No Place Like Home School DVD.mkv,,AV1 Tier 1 Efficient,I9-2024,True,0,91236598,51466687
56957,2026-08-06 21:12:57.072470,1,The Ren & Stimpy Show/Season 3/The Ren & Stimpy Show - S03E06 - An Abe Divided DVD.mkv,,AV1 Tier 1 Efficient,I9-2024,True,0,89236877,51178570
56974,2026-08-06 21:17:59.570860,1,Adventure Time/Season 2/Adventure Time - S02E04 - Blood Under the Skin Bluray-480p.mkv,Post-encode pipeline failed: ProcessFileReplacement returned failure for TranscodeAttempt 56974: Refusing to overwrite existing file at target: /mnt/media_tv/Adventure Time/Season 2/Adventure Time - S02E04 - Blood Under the Skin Bluray-480p-mv.mp4. A prior replacement may have partially succeeded and left this artifact behind.,AV1 Tier 1 Efficient,dot-worker-1,False,0,64602767,49740948
57013,2026-08-06 22:00:50.832836,1,Heroes/Season 2/Heroes - S02E07 - Out of Time Bluray-1080p.mkv,"Transcode failed: Transcoding failed with return code 183
FFmpeg output tail:
[in#0 @ 0x58311428d680] Length 5 indicated by an EBML number's first byte 0x08 at pos 566859657 (0x21c99789) exceeds max length 4.
[in#0 @ 0x58311428d680] Duplicate element
[in#0 @ 0x58311428d680] Element at 0x31a ending at 0xf43b996 exceeds containing master element ending at 0x13f7
[in#0 @ 0x58311428d680] Duplicate element
[in#0 @ 0x58311428d680] 0x00 at pos 202 (0xca) invalid as first byte of an EBML number
[in#0 @ 0x58311428d680] Element at 0x67 ending at 0x4e4dbb8f541a exceeds containing master element ending at 0x1413
[in#0 @ 0x58311428d680] Element at 0x76 ending at 0x18166e77ec017f exceeds containing master element ending at 0x1422
[in#0/matroska,webm @ 0x58311428d680] 0x00 at pos 6043 (0x179b) invalid as first byte of an EBML number
[dca @ 0x583114ba3200] Invalid bit allocation index
[aist#0:1/dts @ 0x583114294e80] [dec:dca @ 0x583114b9b400] Error submitting packet to decoder: Invalid data found when processing input
[in#0/matroska,webm @ 0x58311428d680] Unknown-sized element at 0x14000c55 inside parent with finite size
[in#0/matroska,webm @ 0x58311428d680] Length 5 indicated by an EBML number's first byte 0x0e at pos 1779362753 (0x6a0eebc1) exceeds max length 4.
[in#0/matroska,webm @ 0x58311428d680] File ended prematurely at pos. 4699109895 (0x11816ba07)
[af#0:4 @ 0x583114bbbc80] Cannot determine format of input 0:3 after EOF
[af#0:4 @ 0x583114bbbc80] Task finished with error code: -1094995529 (Invalid data found when processing input)
[af#0:4 @ 0x583114bbbc80] Terminating thread with return code -1094995529 (Invalid data found when processing input)
[aost#0:4/libopus @ 0x583114bbaf00] [enc:libopus @ 0x5831142e9380] Could not open encoder before EOF
[aost#0:4/libopus @ 0x583114bbaf00] Task finished with error code: -22 (Invalid argument)
[aost#0:4/libopus @ 0x583114bbaf00] Terminating thread with return code -22 (Invalid argument)
[out#0/mp4 @ 0x5831142fb540] Nothing was written into output file, because at least one of its streams received no packets.
frame=    0 fps=0.0 q=17.0 Lsize=       0KiB time=N/A bitrate=N/A speed=N/A elapsed=0:09:08.76",AV1 Tier 1 Efficient,dot-worker-2,False,0,4699109458,0
57019,2026-08-06 22:13:36.279197,1,Love Island USA/Season 2/Love Island USA - S02E21 - Episode 21 WEBRip-1080p.mkv,,AV1 Tier 1 Efficient,I9-2024,True,0,1499965808,362143459
57020,2026-08-06 22:16:50.790088,1,Love Island USA/Season 2/Love Island USA - S02E15 - Episode 15 WEBRip-1080p.mkv,,AV1 Tier 1 Efficient,wakko-worker-1,True,0,1499604065,307813494
57023,2026-08-06 22:19:19.008757,1,The Unwanted Undead Adventurer/Season 1/The Unwanted Undead Adventurer - S01E03 - The Undead Infiltrates the Town WEBDL-1080p.mkv,,AV1 Tier 1 Efficient,dot-worker-2,True,0,1492739862,215243354
57024,2026-08-06 22:21:36.377124,1,The Unwanted Undead Adventurer/Season 1/The Unwanted Undead Adventurer - S01E05 - Undead Adventurer WEBDL-1080p.mkv,,AV1 Tier 1 Efficient,I9-2024,True,0,1492202690,213499798
57025,2026-08-06 22:22:24.416114,1,The Unwanted Undead Adventurer/Season 1/The Unwanted Undead Adventurer - S01E02 - The Rookie and the Veteran WEBDL-1080p.mkv,,AV1 Tier 1 Efficient,I9-2024,True,0,1491989973,213321509
57029,2026-08-06 22:26:10.522993,1,The Unwanted Undead Adventurer/Season 1/The Unwanted Undead Adventurer - S01E01 - Unwanted Undead WEBDL-1080p.mkv,,AV1 Tier 1 Efficient,I9-2024,True,0,1489377227,210683237
57030,2026-08-06 22:27:00.529848,1,The Unwanted Undead Adventurer/Season 1/The Unwanted Undead Adventurer - S01E12 - Rentt Faina WEBDL-1080p.mkv,,AV1 Tier 1 Efficient,I9-2024,True,0,1488554284,211346402
57045,2026-08-06 22:48:36.051947,1,Love Island/Season 2/Love Island - S02E27 - The Weekly Hot List #4 HDTV-720p.mkv,,AV1 Tier 1 Efficient,mediavortex-workers-worker-1,True,0,529467837,516264347
57061,2026-08-06 23:07:58.594509,1,Suits/Season 5/Suits - S05E11 - Blowback HDTV-720p Proper.mkv,,AV1 Tier 1 Efficient,dot-worker-1,True,0,1012739753,410029762
57062,2026-08-06 23:09:25.169769,1,Wizards of Waverly Place/Season 1/Wizards of Waverly Place - S01E05 - Disenchanted Evening WEBDL-480p.mkv,Post-encode pipeline failed: ProcessFileReplacement returned failure for TranscodeAttempt 57062: Refusing to overwrite existing file at target: /mnt/media_tv/Wizards of Waverly Place/Season 1/Wizards of Waverly Place - S01E05 - Disenchanted Evening WEBDL-480p-mv.mp4. A prior replacement may have partially succeeded and left this artifact behind.,AV1 Tier 1 Efficient,wakko-worker-1,False,0,997571727,431499676
57063,2026-08-06 23:13:09.400553,1,Wizards of Waverly Place/Season 1/Wizards of Waverly Place - S01E15 - The Supernatural WEBDL-480p.mkv,Post-encode pipeline failed: ProcessFileReplacement returned failure for TranscodeAttempt 57063: Refusing to overwrite existing file at target: /mnt/media_tv/Wizards of Waverly Place/Season 1/Wizards of Waverly Place - S01E15 - The Supernatural WEBDL-480p-mv.mp4. A prior replacement may have partially succeeded and left this artifact behind.,AV1 Tier 1 Efficient,dot-worker-2,False,0,996635369,450878334
57064,2026-08-06 23:14:53.192804,1,Wizards of Waverly Place/Season 1/Wizards of Waverly Place - S01E20 - Quinceañera WEBDL-480p.mkv,Post-encode pipeline failed: ProcessFileReplacement returned failure for TranscodeAttempt 57064: Refusing to overwrite existing file at target: /mnt/media_tv/Wizards of Waverly Place/Season 1/Wizards of Waverly Place - S01E20 - Quinceañera WEBDL-480p-mv.mp4. A prior replacement may have partially succeeded and left this artifact behind.,AV1 Tier 1 Efficient,wakko-worker-1,False,0,996611283,436970164
57065,2026-08-06 23:15:27.596513,1,Wizards of Waverly Place/Season 1/Wizards of Waverly Place - S01E17 - Report Card WEBDL-480p.mkv,"Transcode failed: Transcoding failed with return code 1
FFmpeg output tail:
The command line is too long.",AV1 Tier 1 Efficient,I9-2024,False,0,996550722,0
57067,2026-08-06 23:18:55.467610,1,Wizards of Waverly Place/Season 1/Wizards of Waverly Place - S01E03 - I Almost Drowned in a Chocolate Fountain WEBDL-480p.mkv,Post-encode pipeline failed: ProcessFileReplacement returned failure for TranscodeAttempt 57067: Refusing to overwrite existing file at target: /mnt/media_tv/Wizards of Waverly Place/Season 1/Wizards of Waverly Place - S01E03 - I Almost Drowned in a Chocolate Fountain WEBDL-480p-mv.mp4. A prior replacement may have partially succeeded and left this artifact behind.,AV1 Tier 1 Efficient,dot-worker-2,False,0,996221776,447532364
57068,2026-08-06 23:19:13.703974,1,Wizards of Waverly Place/Season 1/Wizards of Waverly Place - S01E07 - Alex's Choice WEBDL-480p.mkv,"Transcode failed: Transcoding failed with return code 1
FFmpeg output tail:
The command line is too long.",AV1 Tier 1 Efficient,I9-2024,False,0,995752992,0
57069,2026-08-06 23:20:19.288085,1,Wizards of Waverly Place/Season 1/Wizards of Waverly Place - S01E09 - Movies WEBDL-480p.mkv,"Transcode failed: Transcoding failed with return code 234
FFmpeg output tail:
libva info: VA-API version 1.23.0
libva info: Trying to open /usr/lib/x86_64-linux-gnu/dri/iHD_drv_video.so
libva info: Found init function __vaDriverInit_1_23
libva info: va_openDriver() returns 0
libva info: VA-API version 1.23.0
libva info: Trying to open /usr/lib/x86_64-linux-gnu/dri/iHD_drv_video.so
libva info: Found init function __vaDriverInit_1_23
libva info: va_openDriver() returns 0
[sist#0:24/none @ 0x60f8ba0647c0] Decoding requested, but no decoder found for: none
[sost#0:25/mov_text @ 0x60f8bb719780] Error binding an input stream
Error opening output file /mnt/media_tv/Wizards of Waverly Place/Season 1/Wizards of Waverly Place - S01E09 - Movies WEBDL-480p-mv.mp4.inprogress.
Error opening output files: Invalid argument",AV1 Tier 1 Efficient,wakko-worker-1,False,0,995429610,0
57070,2026-08-06 23:21:03.722350,1,Wizards of Waverly Place/Season 1/Wizards of Waverly Place - S01E18 - Credit Check WEBDL-480p.mkv,"Transcode failed: Transcoding failed with return code 1
FFmpeg output tail:
The command line is too long.",AV1 Tier 1 Efficient,I9-2024,False,0,994955026,0
57071,2026-08-06 23:21:09.726226,1,Pokémon/Season 20/Pokémon - S20E32 - Lapras's Feelings for Its Friends WEBDL-1080p.mkv,,AV1 Tier 1 Efficient,I9-2024,True,0,994492929,303027530
57072,2026-08-06 23:22:31.274319,1,Wizards of Waverly Place/Season 1/Wizards of Waverly Place - S01E06 - You Can't Always Get What You Carpet WEBDL-480p.mkv,"Transcode failed: Transcoding failed with return code 234
FFmpeg output tail:
libva info: VA-API version 1.23.0
libva info: Trying to open /usr/lib/x86_64-linux-gnu/dri/iHD_drv_video.so
libva info: Found init function __vaDriverInit_1_23
libva info: va_openDriver() returns 0
libva info: VA-API version 1.23.0
libva info: Trying to open /usr/lib/x86_64-linux-gnu/dri/iHD_drv_video.so
libva info: Found init function __vaDriverInit_1_23
libva info: va_openDriver() returns 0
[sist#0:24/none @ 0x5ffe6ce27140] Decoding requested, but no decoder found for: none
[sost#0:25/mov_text @ 0x5ffe6e48b480] Error binding an input stream
Error opening output file /mnt/media_tv/Wizards of Waverly Place/Season 1/Wizards of Waverly Place - S01E06 - You Can't Always Get What You Carpet WEBDL-480p-mv.mp4.inprogress.
Error opening output files: Invalid argument",AV1 Tier 1 Efficient,wakko-worker-1,False,0,981800862,0
57074,2026-08-06 23:24:13.569334,1,Wizards of Waverly Place/Season 2/Wizards of Waverly Place - S02E26 - Wizards vs. Vampires on Waverly Place WEBDL-480p.mkv,Post-encode pipeline failed: ProcessFileReplacement returned failure for TranscodeAttempt 57074: Refusing to overwrite existing file at target: /mnt/media_tv/Wizards of Waverly Place/Season 2/Wizards of Waverly Place - S02E26 - Wizards vs. Vampires on Waverly Place WEBDL-480p-mv.mp4. A prior replacement may have partially succeeded and left this artifact behind.,AV1 Tier 1 Efficient,dot-worker-2,False,0,975371226,421192408
57075,2026-08-06 23:24:43.300631,1,Wizards of Waverly Place/Season 2/Wizards of Waverly Place - S02E21 - Justin's New Girlfriend WEBDL-480p.mkv,"Transcode failed: Transcoding failed with return code 234
FFmpeg output tail:
libva info: VA-API version 1.23.0
libva info: Trying to open /usr/lib/x86_64-linux-gnu/dri/iHD_drv_video.so
libva info: Found init function __vaDriverInit_1_23
libva info: va_openDriver() returns 0
libva info: VA-API version 1.23.0
libva info: Trying to open /usr/lib/x86_64-linux-gnu/dri/iHD_drv_video.so
libva info: Found init function __vaDriverInit_1_23
libva info: va_openDriver() returns 0
[sist#0:23/none @ 0x5d13f98f19c0] Decoding requested, but no decoder found for: none
[sost#0:24/mov_text @ 0x5d13faf3ac00] Error binding an input stream
Error opening output file /mnt/media_tv/Wizards of Waverly Place/Season 2/Wizards of Waverly Place - S02E21 - Justin's New Girlfriend WEBDL-480p-mv.mp4.inprogress.
Error opening output files: Invalid argument",AV1 Tier 1 Efficient,wakko-worker-1,False,0,974992647,0
57076,2026-08-06 23:25:14.840984,1,Wizards of Waverly Place/Season 2/Wizards of Waverly Place - S02E04 - Racing WEBDL-480p.mkv,"Transcode failed: Transcoding failed with return code 234
FFmpeg output tail:
[sist#0:23/none @ 0x5d7d5dbee700] Decoding requested, but no decoder found for: none
[sost#0:24/mov_text @ 0x5d7d5fea28c0] Error binding an input stream
Error opening output file /mnt/media_tv/Wizards of Waverly Place/Season 2/Wizards of Waverly Place - S02E04 - Racing WEBDL-480p-mv.mp4.inprogress.
Error opening output files: Invalid argument",AV1 Tier 1 Efficient,dot-worker-1,False,0,974918433,0
57077,2026-08-06 23:26:11.842174,1,Wizards of Waverly Place/Season 2/Wizards of Waverly Place - S02E17 - Alex Does Good WEBDL-480p.mkv,"Transcode failed: Transcoding failed with return code 1
FFmpeg output tail:
The command line is too long.",AV1 Tier 1 Efficient,I9-2024,False,0,974560618,0
57079,2026-08-06 23:26:57.310721,1,"Pokémon/Season 20/Pokémon - S20E35 - The Wild Pair, Friede and Cap! WEBDL-1080p.mkv",,AV1 Tier 1 Efficient,wakko-worker-1,True,0,961201712,212168008
57080,2026-08-06 23:27:09.846396,1,Wizards of Waverly Place/Season 2/Wizards of Waverly Place - S02E07 - Saving Wiz Tech (2) WEBDL-480p.mkv,"Transcode failed: Transcoding failed with return code 1
FFmpeg output tail:
The command line is too long.",AV1 Tier 1 Efficient,I9-2024,False,0,954680302,0
57083,2026-08-06 23:28:38.019454,1,Portlandia/Season 4/Portlandia - S04E10 - Getting Away WEBDL-1080p.mkv,,AV1 Tier 1 Efficient,I9-2024,True,0,904601766,186466005
57084,2026-08-06 23:29:57.577351,1,Portlandia/Season 4/Portlandia - S04E03 - Celery Guy WEBDL-1080p.mkv,,AV1 Tier 1 Efficient,dot-worker-2,True,0,897178073,188013782
57097,2026-08-06 23:49:28.486439,1,Wizards of Waverly Place/Season 1/Wizards of Waverly Place - S01E11 - Potion Commotion WEBDL-480p.mkv,Post-encode pipeline failed: ProcessFileReplacement returned failure for TranscodeAttempt 57097: Refusing to overwrite existing file at target: T:\Wizards of Waverly Place\Season 1\Wizards of Waverly Place - S01E11 - Potion Commotion WEBDL-480p-mv.mp4. A prior replacement may have partially succeeded and left this artifact behind.,AV1 Tier 1 Efficient,I9-2024,False,0,848173410,96915682
57123,2026-08-07 00:22:11.364375,1,Date A Live/Season 1/Date A Live - S01E09 - Frenzied Nightmare Bluray-1080p.mkv,,AV1 Tier 1 Efficient,dot-worker-1,True,0,397064274,253835909
57124,2026-08-07 00:22:30.126288,1,Date A Live/Season 4/Date A Live - S04E07 - Locked Memories Bluray-1080p.mkv,,AV1 Tier 1 Efficient,dot-worker-2,True,0,393614459,207321159
57128,2026-08-07 00:26:41.157191,1,Date A Live/Season 4/Date A Live - S04E08 - Key and Sword Bluray-1080p.mkv,,AV1 Tier 1 Efficient,I9-2024,True,0,386316370,209480584
57130,2026-08-07 00:30:04.231615,1,Date A Live/Season 1/Date A Live - S01E06 - Romantic Hot Springs Bluray-1080p.mkv,,AV1 Tier 1 Efficient,dot-worker-2,True,0,381209805,250239019
57131,2026-08-07 00:30:57.220086,1,Bleach/Season 17/Bleach - S17E12 - EVERYTHING BUT THE RAIN JUNE TRUTH Bluray-1080p.mkv,,AV1 Tier 1 Efficient,I9-2024,True,0,380926689,208816328
57132,2026-08-07 00:31:29.728986,1,Date A Live/Season 4/Date A Live - S04E12 - Cycle of Salvation Bluray-1080p.mkv,,AV1 Tier 1 Efficient,wakko-worker-1,True,0,376312955,89113926
57134,2026-08-07 00:34:19.295563,1,Date A Live/Season 4/Date A Live - S04E04 - Space Spirit Bluray-1080p.mkv,,AV1 Tier 1 Efficient,I9-2024,True,0,370273157,214110290
57167,2026-08-07 01:05:26.021855,1,SpongeBob SquarePants/Season 11/SpongeBob SquarePants - S11E34 - My Leg! WEBDL-720p.mkv,Post-encode pipeline failed: ProcessFileReplacement returned failure for TranscodeAttempt 57167: Refusing to overwrite existing file at target: T:\SpongeBob SquarePants\Season 11\SpongeBob SquarePants - S11E34 - My Leg! WEBDL-720p-mv.mp4. A prior replacement may have partially succeeded and left this artifact behind.,AV1 Tier 1 Efficient,I9-2024,False,0,197680192,97423971
57193,2026-08-07 01:17:46.400991,1,SpongeBob SquarePants/Season 11/SpongeBob SquarePants - S11E45 - The Grill is Gone WEBDL-720p.mkv,Post-encode pipeline failed: ProcessFileReplacement returned failure for TranscodeAttempt 57193: Refusing to overwrite existing file at target: T:\SpongeBob SquarePants\Season 11\SpongeBob SquarePants - S11E45 - The Grill is Gone WEBDL-720p-mv.mp4. A prior replacement may have partially succeeded and left this artifact behind.,AV1 Tier 1 Efficient,I9-2024,False,0,166910135,96861079
57219,2026-08-07 01:29:44.116685,1,Bleach/Season 17/Bleach - S17E20 - I AM THE EDGE SDTV.mkv,,AV1 Tier 1 Efficient,wakko-worker-1,True,0,115332874,67306358
57220,2026-08-07 01:30:12.829691,1,Bleach/Season 17/Bleach - S17E39 - THE VISIBLE ANSWER SDTV Proper.mkv,,AV1 Tier 1 Efficient,I9-2024,True,0,113770496,103419319
57222,2026-08-07 01:31:12.258581,1,Bleach/Season 17/Bleach - S17E40 - MY LAST WORDS SDTV.mkv,,AV1 Tier 1 Efficient,dot-worker-1,True,0,103913882,98843539
57223,2026-08-07 01:31:14.772366,1,SpongeBob SquarePants/Season 17/SpongeBob SquarePants - S17E07 - Plankton's Squeeze Play WEBDL-480p.mkv,,AV1 Tier 1 Efficient,I9-2024,True,0,60621540,48378859
57224,2026-08-07 01:32:48.817279,1,SpongeBob SquarePants/Season 17/SpongeBob SquarePants - S17E08 - How the West Was Dumb WEBDL-480p.mkv,,AV1 Tier 1 Efficient,I9-2024,True,0,52523529,52311659
57226,2026-08-07 02:00:50.116070,1,Wizards of Waverly Place/Season 1/Wizards of Waverly Place - S01E05 - Disenchanted Evening WEBDL-480p.mkv,Post-encode pipeline failed: ProcessFileReplacement returned failure for TranscodeAttempt 57226: Refusing to overwrite existing file at target: /mnt/media_tv/Wizards of Waverly Place/Season 1/Wizards of Waverly Place - S01E05 - Disenchanted Evening WEBDL-480p-mv.mp4. A prior replacement may have partially succeeded and left this artifact behind.,AV1 Tier 1 Efficient,wakko-worker-1,False,0,997571727,431499109
57227,2026-08-07 02:00:48.608526,1,Wizards of Waverly Place/Season 1/Wizards of Waverly Place - S01E15 - The Supernatural WEBDL-480p.mkv,"Transcode failed: Transcoding failed with return code 1
FFmpeg output tail:
The command line is too long.",AV1 Tier 1 Efficient,I9-2024,False,0,996635369,0
57228,2026-08-07 02:00:48.683218,1,Wizards of Waverly Place/Season 1/Wizards of Waverly Place - S01E20 - Quinceañera WEBDL-480p.mkv,"Transcode failed: Transcoding failed with return code 1
FFmpeg output tail:
The command line is too long.",AV1 Tier 1 Efficient,I9-2024,False,0,996611283,0
57229,2026-08-07 02:00:50.371800,1,Wizards of Waverly Place/Season 1/Wizards of Waverly Place - S01E17 - Report Card WEBDL-480p.mkv,Post-encode pipeline failed: ProcessFileReplacement returned failure for TranscodeAttempt 57229: Refusing to overwrite existing file at target: /mnt/media_tv/Wizards of Waverly Place/Season 1/Wizards of Waverly Place - S01E17 - Report Card WEBDL-480p-mv.mp4. A prior replacement may have partially succeeded and left this artifact behind.,AV1 Tier 1 Efficient,dot-worker-1,False,0,996550722,438711238
57230,2026-08-07 02:00:50.916041,1,Wizards of Waverly Place/Season 1/Wizards of Waverly Place - S01E03 - I Almost Drowned in a Chocolate Fountain WEBDL-480p.mkv,Post-encode pipeline failed: ProcessFileReplacement returned failure for TranscodeAttempt 57230: Refusing to overwrite existing file at target: /mnt/media_tv/Wizards of Waverly Place/Season 1/Wizards of Waverly Place - S01E03 - I Almost Drowned in a Chocolate Fountain WEBDL-480p-mv.mp4. A prior replacement may have partially succeeded and left this artifact behind.,AV1 Tier 1 Efficient,dot-worker-2,False,0,996221776,447534165
57233,2026-08-07 02:06:16.119176,1,Wizards of Waverly Place/Season 1/Wizards of Waverly Place - S01E07 - Alex's Choice WEBDL-480p.mkv,Post-encode pipeline failed: ProcessFileReplacement returned failure for TranscodeAttempt 57233: Refusing to overwrite existing file at target: /mnt/media_tv/Wizards of Waverly Place/Season 1/Wizards of Waverly Place - S01E07 - Alex's Choice WEBDL-480p-mv.mp4. A prior replacement may have partially succeeded and left this artifact behind.,AV1 Tier 1 Efficient,wakko-worker-1,False,0,995752992,452246433
57234,2026-08-07 02:06:26.352901,1,Wizards of Waverly Place/Season 1/Wizards of Waverly Place - S01E09 - Movies WEBDL-480p.mkv,"Transcode failed: Transcoding failed with return code 234
FFmpeg output tail:
[sist#0:24/none @ 0x561eb98e8f80] Decoding requested, but no decoder found for: none
[sost#0:25/mov_text @ 0x561ebbe3a440] Error binding an input stream
Error opening output file /mnt/media_tv/Wizards of Waverly Place/Season 1/Wizards of Waverly Place - S01E09 - Movies WEBDL-480p-mv.mp4.inprogress.
Error opening output files: Invalid argument",AV1 Tier 1 Efficient,dot-worker-1,False,0,995429610,0
57235,2026-08-07 02:06:30.953629,1,Wizards of Waverly Place/Season 1/Wizards of Waverly Place - S01E18 - Credit Check WEBDL-480p.mkv,"Transcode failed: Transcoding failed with return code 234
FFmpeg output tail:
[sist#0:24/none @ 0x5fde6dc6bd80] Decoding requested, but no decoder found for: none
[sost#0:25/mov_text @ 0x5fde701f5cc0] Error binding an input stream
Error opening output file /mnt/media_tv/Wizards of Waverly Place/Season 1/Wizards of Waverly Place - S01E18 - Credit Check WEBDL-480p-mv.mp4.inprogress.
Error opening output files: Invalid argument",AV1 Tier 1 Efficient,dot-worker-2,False,0,994955026,0
57236,2026-08-07 02:07:58.584221,1,Love Island/Season 2/Love Island - S02E11 - Episode 11 HDTV-720p.mkv,,AV1 Tier 1 Efficient,mediavortex-workers-worker-2,True,0,511122109,496130550
57238,2026-08-07 02:08:52.966497,1,Wizards of Waverly Place/Season 1/Wizards of Waverly Place - S01E06 - You Can't Always Get What You Carpet WEBDL-480p.mkv,"Transcode failed: Transcoding failed with return code 234
FFmpeg output tail:
[sist#0:24/none @ 0x5942a6079f00] Decoding requested, but no decoder found for: none
[sost#0:25/mov_text @ 0x5942a83bdb40] Error binding an input stream
Error opening output file /mnt/media_tv/Wizards of Waverly Place/Season 1/Wizards of Waverly Place - S01E06 - You Can't Always Get What You Carpet WEBDL-480p-mv.mp4.inprogress.
Error opening output files: Invalid argument",AV1 Tier 1 Efficient,dot-worker-2,False,0,981800862,0
57239,2026-08-07 02:11:17.043879,1,Wizards of Waverly Place/Season 2/Wizards of Waverly Place - S02E26 - Wizards vs. Vampires on Waverly Place WEBDL-480p.mkv,Post-encode pipeline failed: ProcessFileReplacement returned failure for TranscodeAttempt 57239: Refusing to overwrite existing file at target: /mnt/media_tv/Wizards of Waverly Place/Season 2/Wizards of Waverly Place - S02E26 - Wizards vs. Vampires on Waverly Place WEBDL-480p-mv.mp4. A prior replacement may have partially succeeded and left this artifact behind.,AV1 Tier 1 Efficient,dot-worker-2,False,0,975371226,421193677
57240,2026-08-07 02:12:16.131065,1,Wizards of Waverly Place/Season 2/Wizards of Waverly Place - S02E21 - Justin's New Girlfriend WEBDL-480p.mkv,"Transcode failed: Transcoding failed with return code 234
FFmpeg output tail:
libva info: VA-API version 1.23.0
libva info: Trying to open /usr/lib/x86_64-linux-gnu/dri/iHD_drv_video.so
libva info: Found init function __vaDriverInit_1_23
libva info: va_openDriver() returns 0
libva info: VA-API version 1.23.0
libva info: Trying to open /usr/lib/x86_64-linux-gnu/dri/iHD_drv_video.so
libva info: Found init function __vaDriverInit_1_23
libva info: va_openDriver() returns 0
[sist#0:23/none @ 0x5ef8542ef9c0] Decoding requested, but no decoder found for: none
[sost#0:24/mov_text @ 0x5ef855938c00] Error binding an input stream
Error opening output file /mnt/media_tv/Wizards of Waverly Place/Season 2/Wizards of Waverly Place - S02E21 - Justin's New Girlfriend WEBDL-480p-mv.mp4.inprogress.
Error opening output files: Invalid argument",AV1 Tier 1 Efficient,wakko-worker-1,False,0,974992647,0
57241,2026-08-07 02:14:28.153176,1,Wizards of Waverly Place/Season 2/Wizards of Waverly Place - S02E04 - Racing WEBDL-480p.mkv,"Transcode failed: Transcoding failed with return code 234
FFmpeg output tail:
libva info: VA-API version 1.23.0
libva info: Trying to open /usr/lib/x86_64-linux-gnu/dri/iHD_drv_video.so
libva info: Found init function __vaDriverInit_1_23
libva info: va_openDriver() returns 0
libva info: VA-API version 1.23.0
libva info: Trying to open /usr/lib/x86_64-linux-gnu/dri/iHD_drv_video.so
libva info: Found init function __vaDriverInit_1_23
libva info: va_openDriver() returns 0
[sist#0:23/none @ 0x6391e24f6200] Decoding requested, but no decoder found for: none
[sost#0:24/mov_text @ 0x6391e3b8a300] Error binding an input stream
Error opening output file /mnt/media_tv/Wizards of Waverly Place/Season 2/Wizards of Waverly Place - S02E04 - Racing WEBDL-480p-mv.mp4.inprogress.
Error opening output files: Invalid argument",AV1 Tier 1 Efficient,wakko-worker-1,False,0,974918433,0
57242,2026-08-07 02:14:56.404437,1,Wizards of Waverly Place/Season 2/Wizards of Waverly Place - S02E17 - Alex Does Good WEBDL-480p.mkv,Post-encode pipeline failed: ProcessFileReplacement returned failure for TranscodeAttempt 57242: Refusing to overwrite existing file at target: /mnt/media_tv/Wizards of Waverly Place/Season 2/Wizards of Waverly Place - S02E17 - Alex Does Good WEBDL-480p-mv.mp4. A prior replacement may have partially succeeded and left this artifact behind.,AV1 Tier 1 Efficient,dot-worker-1,False,0,974560618,433989448
57243,2026-08-07 02:16:28.802114,1,Wizards of Waverly Place/Season 2/Wizards of Waverly Place - S02E07 - Saving Wiz Tech (2) WEBDL-480p.mkv,"Transcode failed: Transcoding failed with return code 1
FFmpeg output tail:
The command line is too long.",AV1 Tier 1 Efficient,I9-2024,False,0,954680302,0
57251,2026-08-07 02:27:02.269558,1,The Four Seasons (2025)/Season 2/The Four Seasons (2025) - S02E04 - On the Boardwalk WEBDL-1080p.mkv,,AV1 Tier 1 Efficient,wakko-worker-1,True,0,851650880,187812772
57252,2026-08-07 02:30:53.100142,1,Wizards of Waverly Place/Season 1/Wizards of Waverly Place - S01E11 - Potion Commotion WEBDL-480p.mkv,Post-encode pipeline failed: ProcessFileReplacement returned failure for TranscodeAttempt 57252: Refusing to overwrite existing file at target: /mnt/media_tv/Wizards of Waverly Place/Season 1/Wizards of Waverly Place - S01E11 - Potion Commotion WEBDL-480p-mv.mp4. A prior replacement may have partially succeeded and left this artifact behind.,AV1 Tier 1 Efficient,dot-worker-2,False,0,848173410,96909013
57282,2026-08-07 03:29:15.489437,1,The Four Seasons (2025)/Season 1/The Four Seasons (2025) - S01E01 - Lake House WEBRip-1080p.mkv,,AV1 Tier 1 Efficient,dot-worker-2,True,0,585547043,231544204
57289,2026-08-07 03:37:39.405244,1,Shameless (US)/Season 3/Shameless (US) - S03E06 - Cascading Failures Bluray-480p.mkv,,AV1 Tier 1 Efficient,I9-2024,True,0,576764321,229571237
57315,2026-08-07 04:19:10.985421,1,Bob Hearts Abishola/Season 5/Bob Hearts Abishola - S05E02 - Kill the Cat HDTV-1080p.mkv,,AV1 Tier 1 Efficient,I9-2024,True,0,290235351,168019412
57316,2026-08-07 04:19:36.146415,1,Bob Hearts Abishola/Season 4/Bob Hearts Abishola - S04E09 - Idle Nigerians HDTV-1080p.mkv,,AV1 Tier 1 Efficient,wakko-worker-1,True,0,264859812,101238593
57416,2026-08-07 06:51:42.151673,1,Bluey Minisodes/Season 2/Bluey Minisodes - S02E06 - Old MacDonald WEBDL-1080p.mkv,"Transcode failed: Transcoding failed with return code 1
FFmpeg output tail:
The command line is too long.",AV1 Tier 1 Efficient,I9-2024,False,0,100859802,0
57424,2026-08-07 12:26:04.050791,1,Wizards of Waverly Place/Season 1/Wizards of Waverly Place - S01E18 - Credit Check WEBDL-480p.mkv,"Transcode failed: Transcoding failed with return code 1
FFmpeg output tail:
The command line is too long.",AV1 Tier 1 Efficient,I9-2024,False,0,994955026,0
57425,2026-08-07 12:26:04.078381,1,Wizards of Waverly Place/Season 2/Wizards of Waverly Place - S02E17 - Alex Does Good WEBDL-480p.mkv,"Transcode failed: Transcoding failed with return code 1
FFmpeg output tail:
The command line is too long.",AV1 Tier 1 Efficient,I9-2024,False,0,974560618,0
57430,2026-08-07 12:27:31.382034,1,American Pickers/Season 2015/American Pickers - S2015E30 - Have Yourself a Merry Pickers Christmas HDTV-720p.mkv,Post-encode pipeline failed: ProcessFileReplacement returned failure for TranscodeAttempt 57430: Refusing to overwrite existing file at target: /mnt/media_tv/American Pickers/Season 2015/American Pickers - S2015E30 - Have Yourself a Merry Pickers Christmas HDTV-720p-mv.mp4. A prior replacement may have partially succeeded and left this artifact behind.,AV1 Tier 1 Efficient,dot-worker-1,False,0,1091354361,401884400
57431,2026-08-07 12:27:54.087149,1,American Pickers/Season 2015/American Pickers - S2015E22 - From Coupe to Nuts HDTV-720p.mkv,"Transcode failed: Transcoding failed with return code 4294967274
FFmpeg output tail:
[libopus @ 000001a8a552b1c0] Invalid channel layout 5.1(side) for specified mapping family -1.
[aost#0:1/libopus @ 000001a8918fd640] [enc:libopus @ 000001a8915cf500] Error while opening encoder - maybe incorrect parameters such as bit_rate, rate, width or height.
[af#0:1 @ 000001a891a90580] Error sending frames to consumers: Invalid argument
[af#0:1 @ 000001a891a90580] Task finished with error code: -22 (Invalid argument)
[af#0:1 @ 000001a891a90580] Terminating thread with return code -22 (Invalid argument)
[aost#0:1/libopus @ 000001a8918fd640] [enc:libopus @ 000001a8915cf500] Could not open encoder before EOF
[aost#0:1/libopus @ 000001a8918fd640] Task finished with error code: -22 (Invalid argument)
[aost#0:1/libopus @ 000001a8918fd640] Terminating thread with return code -22 (Invalid argument)
[out#0/mp4 @ 000001a891710c40] Nothing was written into output file, because at least one of its streams received no packets.
frame=    0 fps=0.0 q=88.0 Lsize=       0KiB time=N/A bitrate=N/A speed=N/A elapsed=0:00:00.39",AV1 Tier 1 Efficient,I9-2024,False,0,1069124610,0
57432,2026-08-07 12:33:54.180770,1,American Pickers/Season 2015/American Pickers - S2015E23 - Coin-Op Kings HDTV-720p.mkv,"Transcode failed: Transcoding failed with return code 4294967274
FFmpeg output tail:
[libopus @ 000002d3fc658300] Invalid channel layout 5.1(side) for specified mapping family -1.
[aost#0:1/libopus @ 000002d3fbc62340] [enc:libopus @ 000002d3fc151b80] Error while opening encoder - maybe incorrect parameters such as bit_rate, rate, width or height.
[af#0:1 @ 000002d3fbc991c0] Error sending frames to consumers: Invalid argument
[af#0:1 @ 000002d3fbc991c0] Task finished with error code: -22 (Invalid argument)
[af#0:1 @ 000002d3fbc991c0] Terminating thread with return code -22 (Invalid argument)
[aost#0:1/libopus @ 000002d3fbc62340] [enc:libopus @ 000002d3fc151b80] Could not open encoder before EOF
[aost#0:1/libopus @ 000002d3fbc62340] Task finished with error code: -22 (Invalid argument)
[aost#0:1/libopus @ 000002d3fbc62340] Terminating thread with return code -22 (Invalid argument)
[out#0/mp4 @ 000002d3fc25e200] Nothing was written into output file, because at least one of its streams received no packets.
frame=    0 fps=0.0 q=113.0 Lsize=       0KiB time=N/A bitrate=N/A speed=N/A elapsed=0:00:00.28",AV1 Tier 1 Efficient,I9-2024,False,0,1044565979,0
57433,2026-08-07 12:35:48.230485,1,American Pickers/Season 2015/American Pickers - S2015E13 - Good & Evel HDTV-720p.mkv,"Transcode failed: Transcoding failed with return code 4294967274
FFmpeg output tail:
[libopus @ 000001b281925980] Invalid channel layout 5.1(side) for specified mapping family -1.
[aost#0:1/libopus @ 000001b28193ca80] [enc:libopus @ 000001b2ffea0c80] Error while opening encoder - maybe incorrect parameters such as bit_rate, rate, width or height.
[af#0:1 @ 000001b281acda40] Error sending frames to consumers: Invalid argument
[af#0:1 @ 000001b281acda40] Task finished with error code: -22 (Invalid argument)
[af#0:1 @ 000001b281acda40] Terminating thread with return code -22 (Invalid argument)
[aost#0:1/libopus @ 000001b28193ca80] [enc:libopus @ 000001b2ffea0c80] Could not open encoder before EOF
[aost#0:1/libopus @ 000001b28193ca80] Task finished with error code: -22 (Invalid argument)
[aost#0:1/libopus @ 000001b28193ca80] Terminating thread with return code -22 (Invalid argument)
[out#0/mp4 @ 000001b281750ac0] Nothing was written into output file, because at least one of its streams received no packets.
frame=    0 fps=0.0 q=70.0 Lsize=       0KiB time=N/A bitrate=N/A speed=N/A elapsed=0:00:00.28",AV1 Tier 1 Efficient,I9-2024,False,0,1042149134,0
57434,2026-08-07 12:36:53.413193,1,American Pickers/Season 2014/American Pickers - S2014E15 - Shock Value HDTV-720p.mkv,"Transcode failed: Transcoding failed with return code 234
FFmpeg output tail:
[libopus @ 0x5f9c5d5b7640] Invalid channel layout 5.1(side) for specified mapping family -1.
[aost#0:1/libopus @ 0x5f9c5d5b6e40] [enc:libopus @ 0x5f9c5d3aec80] Error while opening encoder - maybe incorrect parameters such as bit_rate, rate, width or height.
[af#0:1 @ 0x5f9c5d5b7e40] Error sending frames to consumers: Invalid argument
[af#0:1 @ 0x5f9c5d5b7e40] Task finished with error code: -22 (Invalid argument)
[af#0:1 @ 0x5f9c5d5b7e40] Terminating thread with return code -22 (Invalid argument)
[aost#0:1/libopus @ 0x5f9c5d5b6e40] [enc:libopus @ 0x5f9c5d3aec80] Could not open encoder before EOF
[aost#0:1/libopus @ 0x5f9c5d5b6e40] Task finished with error code: -22 (Invalid argument)
[aost#0:1/libopus @ 0x5f9c5d5b6e40] Terminating thread with return code -22 (Invalid argument)
[out#0/mp4 @ 0x5f9c5c538c40] Nothing was written into output file, because at least one of its streams received no packets.
frame=    0 fps=0.0 q=86.0 Lsize=       0KiB time=N/A bitrate=N/A speed=N/A elapsed=0:00:00.05",AV1 Tier 1 Efficient,dot-worker-1,False,0,1038988359,0
57435,2026-08-07 12:37:46.245119,1,American Pickers/Season 2015/American Pickers - S2015E24 - A Man's Home is His Castle HDTV-720p.mkv,"Transcode failed: Transcoding failed with return code 234
FFmpeg output tail:
libva info: VA-API version 1.23.0
libva info: Trying to open /usr/lib/x86_64-linux-gnu/dri/iHD_drv_video.so
libva info: Found init function __vaDriverInit_1_23
libva info: va_openDriver() returns 0
libva info: VA-API version 1.23.0
libva info: Trying to open /usr/lib/x86_64-linux-gnu/dri/iHD_drv_video.so
libva info: Found init function __vaDriverInit_1_23
libva info: va_openDriver() returns 0
[libopus @ 0x5c5635c88980] Invalid channel layout 5.1(side) for specified mapping family -1.
[aost#0:1/libopus @ 0x5c5635c40680] [enc:libopus @ 0x5c5635c44840] Error while opening encoder - maybe incorrect parameters such as bit_rate, rate, width or height.
[af#0:1 @ 0x5c5635cbe640] Error sending frames to consumers: Invalid argument
[af#0:1 @ 0x5c5635cbe640] Task finished with error code: -22 (Invalid argument)
[af#0:1 @ 0x5c5635cbe640] Terminating thread with return code -22 (Invalid argument)
[aost#0:1/libopus @ 0x5c5635c40680] [enc:libopus @ 0x5c5635c44840] Could not open encoder before EOF
[aost#0:1/libopus @ 0x5c5635c40680] Task finished with error code: -22 (Invalid argument)
[aost#0:1/libopus @ 0x5c5635c40680] Terminating thread with return code -22 (Invalid argument)
[out#0/mp4 @ 0x5c5635a3cd40] Nothing was written into output file, because at least one of its streams received no packets.
frame=    0 fps=0.0 q=-0.0 Lsize=       0KiB time=N/A bitrate=N/A speed=N/A elapsed=0:00:00.35",AV1 Tier 1 Efficient,wakko-worker-1,False,0,1022686735,0
57436,2026-08-07 12:38:58.278171,1,"American Pickers/Season 2015/American Pickers - S2015E25 - Like Father, Like Daughter HDTV-720p.mkv","Transcode failed: Transcoding failed with return code 4294967274
FFmpeg output tail:
[libopus @ 00000264fe572000] Invalid channel layout 5.1(side) for specified mapping family -1.
[aost#0:1/libopus @ 00000264fe86a280] [enc:libopus @ 00000264fe53a280] Error while opening encoder - maybe incorrect parameters such as bit_rate, rate, width or height.
[af#0:1 @ 00000264fe5724c0] Error sending frames to consumers: Invalid argument
[af#0:1 @ 00000264fe5724c0] Task finished with error code: -22 (Invalid argument)
[af#0:1 @ 00000264fe5724c0] Terminating thread with return code -22 (Invalid argument)
[aost#0:1/libopus @ 00000264fe86a280] [enc:libopus @ 00000264fe53a280] Could not open encoder before EOF
[aost#0:1/libopus @ 00000264fe86a280] Task finished with error code: -22 (Invalid argument)
[aost#0:1/libopus @ 00000264fe86a280] Terminating thread with return code -22 (Invalid argument)
[out#0/mp4 @ 00000264fe13d8c0] Nothing was written into output file, because at least one of its streams received no packets.
frame=    0 fps=0.0 q=91.0 Lsize=       0KiB time=N/A bitrate=N/A speed=N/A elapsed=0:00:00.28",AV1 Tier 1 Efficient,I9-2024,False,0,1014045271,0
57437,2026-08-07 12:40:58.291753,1,Wizards of Waverly Place/Season 1/Wizards of Waverly Place - S01E05 - Disenchanted Evening WEBDL-480p.mkv,"Transcode failed: Transcoding failed with return code 1
FFmpeg output tail:
The command line is too long.",AV1 Tier 1 Efficient,I9-2024,False,0,997571727,0
57438,2026-08-07 12:42:20.309815,1,Wizards of Waverly Place/Season 1/Wizards of Waverly Place - S01E15 - The Supernatural WEBDL-480p.mkv,"Transcode failed: Transcoding failed with return code 1
FFmpeg output tail:
The command line is too long.",AV1 Tier 1 Efficient,I9-2024,False,0,996635369,0
57439,2026-08-07 12:43:01.385385,1,Wizards of Waverly Place/Season 1/Wizards of Waverly Place - S01E20 - Quinceañera WEBDL-480p.mkv,Post-encode pipeline failed: ProcessFileReplacement returned failure for TranscodeAttempt 57439: Refusing to overwrite existing file at target: /mnt/media_tv/Wizards of Waverly Place/Season 1/Wizards of Waverly Place - S01E20 - Quinceañera WEBDL-480p-mv.mp4. A prior replacement may have partially succeeded and left this artifact behind.,AV1 Tier 1 Efficient,dot-worker-1,False,0,996611283,443776854
57440,2026-08-07 12:43:50.359680,1,Wizards of Waverly Place/Season 1/Wizards of Waverly Place - S01E17 - Report Card WEBDL-480p.mkv,"Transcode failed: Transcoding failed with return code 1
FFmpeg output tail:
The command line is too long.",AV1 Tier 1 Efficient,I9-2024,False,0,996550722,0
57441,2026-08-07 12:44:00.381079,1,American Pickers/Season 2015/American Pickers - S2015E12 - The Big Bet HDTV-720p.mkv,Post-encode pipeline failed: ProcessFileReplacement returned failure for TranscodeAttempt 57441: Refusing to overwrite existing file at target: T:\American Pickers\Season 2015\American Pickers - S2015E12 - The Big Bet HDTV-720p-mv.mp4. A prior replacement may have partially succeeded and left this artifact behind.,AV1 Tier 1 Efficient,I9-2024,False,0,996240652,402633728
57442,2026-08-07 12:45:06.266699,1,Wizards of Waverly Place/Season 1/Wizards of Waverly Place - S01E03 - I Almost Drowned in a Chocolate Fountain WEBDL-480p.mkv,Post-encode pipeline failed: ProcessFileReplacement returned failure for TranscodeAttempt 57442: Refusing to overwrite existing file at target: /mnt/media_tv/Wizards of Waverly Place/Season 1/Wizards of Waverly Place - S01E03 - I Almost Drowned in a Chocolate Fountain WEBDL-480p-mv.mp4. A prior replacement may have partially succeeded and left this artifact behind.,AV1 Tier 1 Efficient,wakko-worker-1,False,0,996221776,443398975
57443,2026-08-07 12:45:14.413919,1,Wizards of Waverly Place/Season 1/Wizards of Waverly Place - S01E07 - Alex's Choice WEBDL-480p.mkv,"Transcode failed: Transcoding failed with return code 1
FFmpeg output tail:
The command line is too long.",AV1 Tier 1 Efficient,I9-2024,False,0,995752992,0
57444,2026-08-07 12:46:42.441286,1,Wizards of Waverly Place/Season 1/Wizards of Waverly Place - S01E09 - Movies WEBDL-480p.mkv,"Transcode failed: Transcoding failed with return code 1
FFmpeg output tail:
The command line is too long.",AV1 Tier 1 Efficient,I9-2024,False,0,995429610,0
57445,2026-08-07 12:47:29.403243,1,Wizards of Waverly Place/Season 1/Wizards of Waverly Place - S01E06 - You Can't Always Get What You Carpet WEBDL-480p.mkv,"Transcode failed: Transcoding failed with return code 234
FFmpeg output tail:
[sist#0:24/none @ 0x5c45331e8f00] Decoding requested, but no decoder found for: none
[sost#0:25/mov_text @ 0x5c453552cd80] Error binding an input stream
Error opening output file /mnt/media_tv/Wizards of Waverly Place/Season 1/Wizards of Waverly Place - S01E06 - You Can't Always Get What You Carpet WEBDL-480p-mv.mp4.inprogress.
Error opening output files: Invalid argument",AV1 Tier 1 Efficient,dot-worker-1,False,0,981800862,0
57446,2026-08-07 12:48:04.462807,1,Wizards of Waverly Place/Season 2/Wizards of Waverly Place - S02E26 - Wizards vs. Vampires on Waverly Place WEBDL-480p.mkv,"Transcode failed: Transcoding failed with return code 1
FFmpeg output tail:
The command line is too long.",AV1 Tier 1 Efficient,I9-2024,False,0,975371226,0
57447,2026-08-07 12:49:15.412684,1,Wizards of Waverly Place/Season 2/Wizards of Waverly Place - S02E21 - Justin's New Girlfriend WEBDL-480p.mkv,"Transcode failed: Transcoding failed with return code 234
FFmpeg output tail:
[sist#0:23/none @ 0x5e8e815de240] Decoding requested, but no decoder found for: none
[sost#0:24/mov_text @ 0x5e8e8397a040] Error binding an input stream
Error opening output file /mnt/media_tv/Wizards of Waverly Place/Season 2/Wizards of Waverly Place - S02E21 - Justin's New Girlfriend WEBDL-480p-mv.mp4.inprogress.
Error opening output files: Invalid argument",AV1 Tier 1 Efficient,dot-worker-1,False,0,974992647,0
57448,2026-08-07 12:49:36.486537,1,Wizards of Waverly Place/Season 2/Wizards of Waverly Place - S02E04 - Racing WEBDL-480p.mkv,"Transcode failed: Transcoding failed with return code 1
FFmpeg output tail:
The command line is too long.",AV1 Tier 1 Efficient,I9-2024,False,0,974918433,0
57449,2026-08-07 12:50:36.348021,1,Wizards of Waverly Place/Season 2/Wizards of Waverly Place - S02E07 - Saving Wiz Tech (2) WEBDL-480p.mkv,"Transcode failed: Transcoding failed with return code 234
FFmpeg output tail:
libva info: VA-API version 1.23.0
libva info: Trying to open /usr/lib/x86_64-linux-gnu/dri/iHD_drv_video.so
libva info: Found init function __vaDriverInit_1_23
libva info: va_openDriver() returns 0
libva info: VA-API version 1.23.0
libva info: Trying to open /usr/lib/x86_64-linux-gnu/dri/iHD_drv_video.so
libva info: Found init function __vaDriverInit_1_23
libva info: va_openDriver() returns 0
[sist#0:23/none @ 0x5727705ee7c0] Decoding requested, but no decoder found for: none
[sost#0:24/mov_text @ 0x572771da9b40] Error binding an input stream
Error opening output file /mnt/media_tv/Wizards of Waverly Place/Season 2/Wizards of Waverly Place - S02E07 - Saving Wiz Tech (2) WEBDL-480p-mv.mp4.inprogress.
Error opening output files: Invalid argument",AV1 Tier 1 Efficient,wakko-worker-1,False,0,954680302,0
57453,2026-08-07 12:52:46.369588,1,Wizards of Waverly Place/Season 1/Wizards of Waverly Place - S01E11 - Potion Commotion WEBDL-480p.mkv,Post-encode pipeline failed: ProcessFileReplacement returned failure for TranscodeAttempt 57453: Refusing to overwrite existing file at target: /mnt/media_tv/Wizards of Waverly Place/Season 1/Wizards of Waverly Place - S01E11 - Potion Commotion WEBDL-480p-mv.mp4. A prior replacement may have partially succeeded and left this artifact behind.,AV1 Tier 1 Efficient,wakko-worker-1,False,0,848173410,94577396
57501,2026-08-07 14:23:51.636383,1,Welcome to Demon School! Iruma-kun/Season 4/Welcome to Demon School! Iruma-kun - S04E11 - Best Friend Meeting + Lead's Flirting Meeting WEBDL-1080p.mkv,,AV1 Tier 1 Efficient,wakko-worker-1,True,0,1684621230,239383172
57502,2026-08-07 14:23:51.865574,1,Welcome to Demon School! Iruma-kun/Season 4/Welcome to Demon School! Iruma-kun - S04E12 - One-Year Distance and One-Centimeter Distance WEBDL-1080p.mkv,,AV1 Tier 1 Efficient,dot-worker-1,True,0,1592765972,227693522
57504,2026-08-07 14:23:49.681228,1,Welcome to Demon School! Iruma-kun/Season 4/Welcome to Demon School! Iruma-kun - S04E10 - Triple Love Squad WEBDL-1080p.mkv,,AV1 Tier 1 Efficient,I9-2024,True,0,1576083128,224624084
57535,2026-08-07 15:21:10.718856,1,American Pickers/Season 2015/American Pickers - S2015E22 - From Coupe to Nuts HDTV-720p.mkv,Post-encode pipeline failed: ProcessFileReplacement returned failure for TranscodeAttempt 57535: Refusing to overwrite existing file at target: T:\American Pickers\Season 2015\American Pickers - S2015E22 - From Coupe to Nuts HDTV-720p-mv.mp4. A prior replacement may have partially succeeded and left this artifact behind.,AV1 Tier 1 Efficient,I9-2024,False,0,1069124610,422999014
57536,2026-08-07 15:22:06.741965,1,American Pickers/Season 2015/American Pickers - S2015E23 - Coin-Op Kings HDTV-720p.mkv,Post-encode pipeline failed: ProcessFileReplacement returned failure for TranscodeAttempt 57536: Refusing to overwrite existing file at target: T:\American Pickers\Season 2015\American Pickers - S2015E23 - Coin-Op Kings HDTV-720p-mv.mp4. A prior replacement may have partially succeeded and left this artifact behind.,AV1 Tier 1 Efficient,I9-2024,False,0,1044565979,432633779
57537,2026-08-07 15:30:54.832492,1,American Pickers/Season 2015/American Pickers - S2015E13 - Good & Evel HDTV-720p.mkv,Post-encode pipeline failed: ProcessFileReplacement returned failure for TranscodeAttempt 57537: Refusing to overwrite existing file at target: T:\American Pickers\Season 2015\American Pickers - S2015E13 - Good & Evel HDTV-720p-mv.mp4. A prior replacement may have partially succeeded and left this artifact behind.,AV1 Tier 1 Efficient,I9-2024,False,0,1042149134,430216987
57538,2026-08-07 15:32:04.856067,1,American Pickers/Season 2014/American Pickers - S2014E15 - Shock Value HDTV-720p.mkv,Post-encode pipeline failed: ProcessFileReplacement returned failure for TranscodeAttempt 57538: Refusing to overwrite existing file at target: T:\American Pickers\Season 2014\American Pickers - S2014E15 - Shock Value HDTV-720p-mv.mp4. A prior replacement may have partially succeeded and left this artifact behind.,AV1 Tier 1 Efficient,I9-2024,False,0,1038988359,430194352
57539,2026-08-07 15:40:22.961189,1,American Pickers/Season 2015/American Pickers - S2015E24 - A Man's Home is His Castle HDTV-720p.mkv,Post-encode pipeline failed: ProcessFileReplacement returned failure for TranscodeAttempt 57539: Refusing to overwrite existing file at target: T:\American Pickers\Season 2015\American Pickers - S2015E24 - A Man's Home is His Castle HDTV-720p-mv.mp4. A prior replacement may have partially succeeded and left this artifact behind.,AV1 Tier 1 Efficient,I9-2024,False,0,1022686735,428785892
57540,2026-08-07 15:40:56.957013,1,"American Pickers/Season 2015/American Pickers - S2015E25 - Like Father, Like Daughter HDTV-720p.mkv","Post-encode pipeline failed: ProcessFileReplacement returned failure for TranscodeAttempt 57540: Refusing to overwrite existing file at target: T:\American Pickers\Season 2015\American Pickers - S2015E25 - Like Father, Like Daughter HDTV-720p-mv.mp4. A prior replacement may have partially succeeded and left this artifact behind.",AV1 Tier 1 Efficient,I9-2024,False,0,1014045271,428721922
57568,2026-08-07 17:21:24.960566,1,Pokémon/Season 6/Pokémon - S06E16 - The Winner By a Nosepass HDTV-720p.mkv,,AV1 Tier 1 Efficient,mediavortex-workers-worker-2,True,0,127957729,140674578
57604,2026-08-07 18:05:29.638496,1,Pokémon/Season 17/Pokémon - S17E46 - Facing the Needs of the Many! HDTV-720p_temp_replacement.mkv,"Remux failed: Transcoding failed with return code 254
FFmpeg output tail:
[in#0 @ 0x583ab4a2a600] Error opening input: No such file or directory
Error opening input file /mnt/media_tv/Pokémon/Season 17/Pokémon - S17E46 - Facing the Needs of the Many! HDTV-720p_temp_replacement.mkv.
Error opening input files: No such file or directory",AV1 Tier 1 Efficient,mediavortex-workers-worker-1,False,0,170613801,0
57620,2026-08-07 18:24:04.623251,1,Heroes/Season 2/Heroes - S02E07 - Out of Time Bluray-1080p.mkv,Failed to build Transcode command,AV1 Tier 1 Efficient,I9-2024,False,0,4699109458,0
57628,2026-08-07 18:33:52.159026,1,See/Season 1/See - S01E05 - Plastic WEBDL-720p Proper.mkv,,AV1 Tier 1 Efficient,I9-2024,True,0,1817045893,493276382
57645,2026-08-07 19:05:16.797320,1,The White Lotus/Season 3/The White Lotus - S03E06 - Denials WEBRip-1080p.mkv,,AV1 Tier 3 Better,dot-worker-1,True,0,1445082474,1710330373
57663,2026-08-07 19:39:40.905151,1,The Great British Bake Off/Season 6/The Great British Bake Off - S06E05 - Alternative Ingredients HDTV-720p.mkv,,AV1 Tier 1 Efficient,dot-worker-1,True,0,1155734263,485114584
57664,2026-08-07 19:44:52.578964,1,Mysteria Friends/Season 1/Mysteria Friends - S01E01 - Anne and Grea Bluray-1080p.mkv,,AV1 Tier 1 Efficient,wakko-worker-1,True,0,1148717707,58185136
57670,2026-08-07 19:56:44.908006,1,Heroes/Season 2/Heroes - S02E07 - Out of Time Bluray-1080p.mkv,"Transcode failed: Transcoding failed with return code 183
FFmpeg output tail:
[in#0 @ 0x60bad2b76540] Length 5 indicated by an EBML number's first byte 0x08 at pos 566859657 (0x21c99789) exceeds max length 4.
[in#0 @ 0x60bad2b76540] Duplicate element
[in#0 @ 0x60bad2b76540] Element at 0x31a ending at 0xf43b996 exceeds containing master element ending at 0x13f7
[in#0 @ 0x60bad2b76540] Duplicate element
[in#0 @ 0x60bad2b76540] 0x00 at pos 202 (0xca) invalid as first byte of an EBML number
[in#0 @ 0x60bad2b76540] Element at 0x67 ending at 0x4e4dbb8f541a exceeds containing master element ending at 0x1413
[in#0 @ 0x60bad2b76540] Element at 0x76 ending at 0x18166e77ec017f exceeds containing master element ending at 0x1422
[in#0/matroska,webm @ 0x60bad2b76540] 0x00 at pos 6043 (0x179b) invalid as first byte of an EBML number
libva info: VA-API version 1.23.0
libva info: Trying to open /usr/lib/x86_64-linux-gnu/dri/iHD_drv_video.so
libva info: Found init function __vaDriverInit_1_23
libva info: va_openDriver() returns 0
libva info: VA-API version 1.23.0
libva info: Trying to open /usr/lib/x86_64-linux-gnu/dri/iHD_drv_video.so
libva info: Found init function __vaDriverInit_1_23
libva info: va_openDriver() returns 0
[dca @ 0x60bad346aac0] Invalid bit allocation index
[aist#0:1/dts @ 0x60bad2b7dec0] [dec:dca @ 0x60bad3422480] Error submitting packet to decoder: Invalid data found when processing input
[in#0/matroska,webm @ 0x60bad2b76540] Unknown-sized element at 0x14000c55 inside parent with finite size
[in#0/matroska,webm @ 0x60bad2b76540] Length 5 indicated by an EBML number's first byte 0x0e at pos 1779362753 (0x6a0eebc1) exceeds max length 4.
[in#0/matroska,webm @ 0x60bad2b76540] File ended prematurely at pos. 4699109895 (0x11816ba07)
[af#0:4 @ 0x60bad346b580] Cannot determine format of input 0:3 after EOF
[af#0:4 @ 0x60bad346b580] Task finished with error code: -1094995529 (Invalid data found when processing input)
[af#0:4 @ 0x60bad346b580] Terminating thread with return code -1094995529 (Invalid data found when processing input)
[aost#0:4/libopus @ 0x60bad34696c0] [enc:libopus @ 0x60bad3469fc0] Could not open encoder before EOF
[aost#0:4/libopus @ 0x60bad34696c0] Task finished with error code: -22 (Invalid argument)
[aost#0:4/libopus @ 0x60bad34696c0] Terminating thread with return code -22 (Invalid argument)
[out#0/mp4 @ 0x60bad2be4b00] Nothing was written into output file, because at least one of its streams received no packets.
frame=    0 fps=0.0 q=-0.0 Lsize=       0KiB time=N/A bitrate=N/A speed=N/A elapsed=0:05:34.81",AV1 Tier 1 Efficient,wakko-worker-1,False,0,4699109458,0
57675,2026-08-07 20:05:49.575821,1,Heroes/Season 2/Heroes - S02E07 - Out of Time Bluray-1080p.mkv,Failed to create transcode attempt record for Transcode,AV1 Tier 1 Efficient,I9-2024,False,0,4699109458,0
57685,2026-08-07 20:26:31.828138,1,The White Lotus/Season 3/The White Lotus - S03E06 - Denials WEBRip-1080p.mkv,,AV1 Tier 1 Efficient,dot-worker-1,True,0,1445082474,602120608
57721,2026-08-07 22:36:43.471979,1,Adolescence/Season 1/Adolescence - S01E02 - Episode 2 WEBRip-1080p.mkv,,AV1 Tier 1 Efficient,wakko-worker-1,True,0,1003744294,276678554
57738,2026-08-07 23:07:35.326569,1,"Mushoku Tensei - Jobless Reincarnation/Season 3/Mushoku Tensei - Jobless Reincarnation - S03E02 - Howl, Mad Dog WEBDL-1080p.mkv",,AV1 Tier 1 Efficient,I9-2024,True,0,909394526,192114582
57739,2026-08-07 23:10:35.553260,1,"Mushoku Tensei - Jobless Reincarnation/Season 3/Mushoku Tensei - Jobless Reincarnation - S03E01 - Burn Bright, Mad Dog WEBDL-1080p.mkv",,AV1 Tier 1 Efficient,I9-2024,True,0,908694511,192675707
57741,2026-08-07 23:11:26.010649,1,Mushoku Tensei - Jobless Reincarnation/Season 3/Mushoku Tensei - Jobless Reincarnation - S03E04 - A King-Class Water Mage WEBDL-1080p.mkv,,AV1 Tier 1 Efficient,wakko-worker-1,True,0,907270981,81532344
57796,2026-08-08 00:54:55.359648,1,Mysteria Friends/Season 1/Mysteria Friends - S01E10 - The Pair's Promise Bluray-1080p.mkv,,AV1 Tier 1 Efficient,wakko-worker-1,True,0,695296794,48526212
57860,2026-08-08 02:44:35.694670,1,Man vs. Wild/Season 3/Man vs. Wild - S03E02 - The Deep South HDTV-1080p.mkv,,AV1 Tier 1 Efficient,mediavortex-workers-worker-1,True,0,2746021315,2700072975
57884,2026-08-08 03:23:15.599177,1,Mushoku Tensei - Jobless Reincarnation/Season 1/Mushoku Tensei - Jobless Reincarnation - S01E10 - The Value of a Life and the First Job HDTV-1080p.mkv,,AV1 Tier 1 Efficient,I9-2024,True,0,428175071,190187555
57891,2026-08-08 03:31:50.483431,1,The Five-Star Weekend/Season 1/The Five-Star Weekend - S01E01-E08 - Friday - Arrivals...Monday Morning - Departures WEBDL-1080p.mkv,,AV1 Tier 1 Efficient,mediavortex-workers-worker-1,True,0,2225046815,2192537099
57961,2026-08-08 04:52:12.007780,1,Centaurworld/Season 2/Centaurworld - S02E05 - Bunch O' Scrunch WEBRip-1080p.mkv,,AV1 Tier 1 Efficient,I9-2024,True,0,378462536,206182833
57965,2026-08-08 04:55:32.552857,1,Castlevania/Season 4/Castlevania - S04E04 - You Must Sacrifice Bluray-1080p.mkv,,AV1 Tier 1 Efficient,I9-2024,True,0,376658985,251673612
57967,2026-08-08 04:57:56.753850,1,Casual/Season 2/Casual - S02E03 - Such Good Friends WEBDL-1080p.mkv,,AV1 Tier 1 Efficient,I9-2024,True,0,375736238,240372120
58016,2026-08-08 05:50:37.765543,1,The Rising of the Shield Hero/Season 1/The Rising of the Shield Hero - S01E24 - Guardians of Another World Bluray-1080p.mkv,,AV1 Tier 1 Efficient,dot-worker-1,True,0,358088704,225108304
58020,2026-08-08 05:54:22.620272,1,Stargate SG-1/Season 10/Stargate SG-1 - S10E16 - Bad Guys SDTV.avi,,AV1 Tier 1 Efficient,I9-2024,True,0,356250480,164828842
58025,2026-08-08 05:59:09.283076,1,Letterkenny/Season 9/Letterkenny - S09E01 - American Buck and Doe WEBRip-1080p.mkv,,AV1 Tier 1 Efficient,I9-2024,True,0,353726628,218845919
58073,2026-08-08 06:51:46.509880,1,The Hollow (2018)/Season 2/The Hollow (2018) - S02E05 - Alchemy WEBDL-1080p.mkv,,AV1 Tier 1 Efficient,dot-worker-1,True,0,343419126,218485898
58075,2026-08-08 06:53:16.851352,1,Castlevania/Season 4/Castlevania - S04E01 - Murder Wakes It Up Bluray-1080p.mkv,,AV1 Tier 1 Efficient,I9-2024,True,0,343282811,209908870
58080,2026-08-08 07:01:02.507057,1,Malcolm in the Middle/Season 4/Malcolm in the Middle - S04E09 - Grandma Sues HDTV-1080p.mkv,,AV1 Tier 1 Efficient,wakko-worker-1,True,0,341951119,126721092
58171,2026-08-08 08:26:32.580694,1,Mushoku Tensei - Jobless Reincarnation/Season 3/Mushoku Tensei - Jobless Reincarnation - S03E06 - Another Domestic Disaster WEBDL-480p.mkv,,AV1 Tier 1 Efficient,wakko-worker-1,True,0,307269593,60651036
58175,2026-08-08 08:30:46.618800,1,Mushoku Tensei - Jobless Reincarnation/Season 3/Mushoku Tensei - Jobless Reincarnation - S03E05 - Celebrations WEBDL-480p.mkv,,AV1 Tier 1 Efficient,I9-2024,True,0,304863815,104392515
58192,2026-08-08 08:46:28.340416,1,Mushoku Tensei - Jobless Reincarnation/Season 3/Mushoku Tensei - Jobless Reincarnation - S03E03 - Life Back at Home WEBDL-480p.mkv,,AV1 Tier 1 Efficient,I9-2024,True,0,270974405,104456262
58202,2026-08-08 08:56:41.806350,1,Seeking Sister Wife/Season 4/Seeking Sister Wife - S04E08 - I'm in Love With Your Big Brain WEBDL-480p.mp4,,AV1 Tier 1 Efficient,wakko-worker-1,True,0,260550164,127933674
58203,2026-08-08 08:57:39.796679,1,Seeking Sister Wife/Season 4/Seeking Sister Wife - S04E12 - An Emotional Rollercoaster WEBDL-480p.mp4,,AV1 Tier 1 Efficient,I9-2024,True,0,260319478,185132252
58208,2026-08-08 09:05:12.445792,1,The Sinner/Season 4/The Sinner - S04E05 - Part V SDTV.avi,,AV1 Tier 1 Efficient,dot-worker-1,True,0,256696650,179241872
58248,2026-08-08 09:59:07.050285,1,Battlestar Galactica (2003)/Season 1/Battlestar Galactica (2003) - S01E04 - Act of Contrition Bluray-480p.mkv,,AV1 Tier 1 Efficient,I9-2024,True,0,227058834,184440416
58251,2026-08-08 10:03:15.043275,1,Castlevania - Nocturne/Season 2/Castlevania - Nocturne - S02E03 - The Widow's Window WEBDL-1080p.mkv,,AV1 Tier 1 Efficient,mediavortex-workers-worker-2,True,0,1128567135,1038310427
58287,2026-08-08 10:53:12.137041,1,Sister Wives/Season 12/Sister Wives - S12E15-E16 - The Truth Comes Out HDTV-720p.mkv,,AV1 Tier 1 Efficient,mediavortex-workers-worker-2,True,0,986855293,961031589
58292,2026-08-08 10:58:28.326122,1,The Sex Lives of College Girls/Season 2/The Sex Lives of College Girls - S02E08 - Pre-Frosh Weekend SDTV.mkv,,AV1 Tier 1 Efficient,I9-2024,True,0,190169743,112142535
58296,2026-08-08 11:01:44.839702,1,"Why the Hell are You Here, Teacher!!/Season 1/Why the Hell Are You Here, Teacher!! - S01E06 - Sixth Period WEBDL-1080p.mkv",,AV1 Tier 1 Efficient,dot-worker-1,True,0,187107901,94223402
58297,2026-08-08 11:03:26.822503,1,Star Wars Resistance/Season 1/Star Wars Resistance - S01E13 - The Doza Dilemma DVD.mkv,,AV1 Tier 1 Efficient,I9-2024,True,0,185917106,95508945
58311,2026-08-08 11:12:10.255743,1,Steven Universe Future/Season 1/Steven Universe Future - S01E04 - Volleyball HDTV-720p.mkv,,AV1 Tier 1 Efficient,wakko-worker-1,True,0,183312056,57199478
58572,2026-08-08 12:44:52.844497,1,Mushoku Tensei - Jobless Reincarnation/Season 2/Mushoku Tensei - Jobless Reincarnation - S02E22 - Parents WEBDL-480p.mkv,,AV1 Tier 1 Efficient,wakko-worker-1,True,0,129991967,72294305
58636,2026-08-08 13:05:41.860840,1,Bluey Minisodes/Season 2/Bluey Minisodes - S02E06 - Old MacDonald WEBDL-1080p.mkv,,AV1 Tier 1 Efficient,dot-worker-1,True,0,100859802,75784232
58638,2026-08-08 13:06:08.090567,1,New Girl/Season 4/New Girl - S04E04 - Micro SDTV.mkv,,AV1 Tier 1 Efficient,dot-worker-1,True,0,98161440,91018048
58641,2026-08-08 13:07:25.304943,1,"Ed, Edd n Eddy/Season 5/Ed, Edd n Eddy - S05E20 - Run Ed Run SDTV.avi",,AV1 Tier 1 Efficient,I9-2024,True,0,94204068,49122470
58677,2026-08-08 13:18:39.629813,1,The Deuce/Season 3/The Deuce - S03E05 - You Only Get One WEBRip-1080p.mkv,,AV1 Tier 1 Efficient,mediavortex-workers-worker-2,True,0,770462188,577002535
58702,2026-08-08 13:56:39.040913,1,Man vs. Wild/Season 3/Man vs. Wild - S03E02 - The Deep South HDTV-1080p-mv.mp4,,AV1 Tier 1 Efficient,I9-2024,True,0,2700072975,383152550
58703,2026-08-08 13:56:49.255295,1,The Five-Star Weekend/Season 1/The Five-Star Weekend - S01E01-E08 - Friday - Arrivals...Monday Morning - Departures WEBDL-1080p-mv.mp4,,AV1 Tier 1 Efficient,I9-2024,True,0,2192537099,408370932
58743,2026-08-08 14:59:56.855274,1,Castlevania - Nocturne/Season 2/Castlevania - Nocturne - S02E03 - The Widow's Window WEBDL-1080p-mv.mp4,,AV1 Tier 1 Efficient,I9-2024,True,0,1038310427,253355324
58805,2026-08-08 16:30:39.184197,1,Heroes/Season 2/Heroes - S02E07 - Out of Time Bluray-1080p.mkv,"Transcode failed: Transcoding failed with return code 183
FFmpeg output tail:
[in#0 @ 0x5fe6b2a29540] Length 5 indicated by an EBML number's first byte 0x08 at pos 566859657 (0x21c99789) exceeds max length 4.
[in#0 @ 0x5fe6b2a29540] Duplicate element
[in#0 @ 0x5fe6b2a29540] Element at 0x31a ending at 0xf43b996 exceeds containing master element ending at 0x13f7
[in#0 @ 0x5fe6b2a29540] Duplicate element
[in#0 @ 0x5fe6b2a29540] 0x00 at pos 202 (0xca) invalid as first byte of an EBML number
[in#0 @ 0x5fe6b2a29540] Element at 0x67 ending at 0x4e4dbb8f541a exceeds containing master element ending at 0x1413
[in#0 @ 0x5fe6b2a29540] Element at 0x76 ending at 0x18166e77ec017f exceeds containing master element ending at 0x1422
[in#0/matroska,webm @ 0x5fe6b2a29540] 0x00 at pos 6043 (0x179b) invalid as first byte of an EBML number
libva info: VA-API version 1.23.0
libva info: Trying to open /usr/lib/x86_64-linux-gnu/dri/iHD_drv_video.so
libva info: Found init function __vaDriverInit_1_23
libva info: va_openDriver() returns 0
libva info: VA-API version 1.23.0
libva info: Trying to open /usr/lib/x86_64-linux-gnu/dri/iHD_drv_video.so
libva info: Found init function __vaDriverInit_1_23
libva info: va_openDriver() returns 0
[dca @ 0x5fe6b331dac0] Invalid bit allocation index
[aist#0:1/dts @ 0x5fe6b2a30ec0] [dec:dca @ 0x5fe6b32d5480] Error submitting packet to decoder: Invalid data found when processing input
[in#0/matroska,webm @ 0x5fe6b2a29540] Unknown-sized element at 0x14000c55 inside parent with finite size
[in#0/matroska,webm @ 0x5fe6b2a29540] Length 5 indicated by an EBML number's first byte 0x0e at pos 1779362753 (0x6a0eebc1) exceeds max length 4.
[in#0/matroska,webm @ 0x5fe6b2a29540] File ended prematurely at pos. 4699109895 (0x11816ba07)
[af#0:4 @ 0x5fe6b331e580] Cannot determine format of input 0:3 after EOF
[af#0:4 @ 0x5fe6b331e580] Task finished with error code: -1094995529 (Invalid data found when processing input)
[af#0:4 @ 0x5fe6b331e580] Terminating thread with return code -1094995529 (Invalid data found when processing input)
[aost#0:4/libopus @ 0x5fe6b331c6c0] [enc:libopus @ 0x5fe6b331cfc0] Could not open encoder before EOF
[aost#0:4/libopus @ 0x5fe6b331c6c0] Task finished with error code: -22 (Invalid argument)
[aost#0:4/libopus @ 0x5fe6b331c6c0] Terminating thread with return code -22 (Invalid argument)
[out#0/mp4 @ 0x5fe6b2a97b00] Nothing was written into output file, because at least one of its streams received no packets.
frame=    0 fps=0.0 q=-0.0 Lsize=       0KiB time=N/A bitrate=N/A speed=N/A elapsed=0:05:34.79",AV1 Tier 1 Efficient,wakko-worker-1,False,0,4699109458,0
58953,2026-08-09 03:05:05.509733,1,Heroes/Season 2/Heroes - S02E07 - Out of Time Bluray-1080p.mkv,"Transcode failed: Transcoding failed with return code 3199971767
FFmpeg output tail:
[dca @ 00000204e41c2ac0] Invalid bit allocation index
[aist#0:1/dts @ 00000204e29932c0] [dec:dca @ 00000204e2f5bb00] Error submitting packet to decoder: Invalid data found when processing input
[af#0:4 @ 00000204e2e70d80] Cannot determine format of input 0:3 after EOF
[af#0:4 @ 00000204e2e70d80] Task finished with error code: -1094995529 (Invalid data found when processing input)
[af#0:4 @ 00000204e2e70d80] Terminating thread with return code -1094995529 (Invalid data found when processing input)
[aost#0:4/libopus @ 00000204e3951240] [enc:libopus @ 00000204e3d1ff00] Could not open encoder before EOF
[aost#0:4/libopus @ 00000204e3951240] Task finished with error code: -22 (Invalid argument)
[aost#0:4/libopus @ 00000204e3951240] Terminating thread with return code -22 (Invalid argument)
[out#0/mp4 @ 00000204e361fd80] Nothing was written into output file, because at least one of its streams received no packets.
frame=    0 fps=0.0 q=19.0 Lsize=       0KiB time=N/A bitrate=N/A speed=N/A elapsed=0:06:24.19",AV1 Tier 1 Efficient,I9-2024,False,0,4694275523,0
58967,2026-08-09 04:42:00.107762,1,Heroes/Season 2/Heroes - S02E07 - Out of Time Bluray-1080p.mkv,"Transcode failed: Transcoding failed with return code 3199971767
FFmpeg output tail:
[dca @ 00000286cf272380] Invalid bit allocation index
[aist#0:1/dts @ 00000286cda432c0] [dec:dca @ 00000286ce00bb00] Error submitting packet to decoder: Invalid data found when processing input
[af#0:4 @ 00000286cdf20d80] Cannot determine format of input 0:3 after EOF
[af#0:4 @ 00000286cdf20d80] Task finished with error code: -1094995529 (Invalid data found when processing input)
[af#0:4 @ 00000286cdf20d80] Terminating thread with return code -1094995529 (Invalid data found when processing input)
[aost#0:4/libopus @ 00000286cea01240] [enc:libopus @ 00000286cedd23c0] Could not open encoder before EOF
[aost#0:4/libopus @ 00000286cea01240] Task finished with error code: -22 (Invalid argument)
[aost#0:4/libopus @ 00000286cea01240] Terminating thread with return code -22 (Invalid argument)
[out#0/mp4 @ 00000286ce6cfd80] Nothing was written into output file, because at least one of its streams received no packets.
frame=    0 fps=0.0 q=19.0 Lsize=       0KiB time=N/A bitrate=N/A speed=N/A elapsed=0:04:22.85",AV1 Tier 1 Efficient,I9-2024,False,0,4694275523,0
59309,2026-08-10 12:31:56.636130,2,Hope Springs (2012)/Hope Springs (2012) Bluray-1080p.mkv,,AV1 Tier 1 Efficient,wakko-worker-1,True,0,1547603804,351639220
59355,2026-08-10 15:26:17.930822,1,Suits/Season 4/Suits - S04E12 - Respect HDTV-720p.mkv,,AV1 Tier 1 Efficient,mediavortex-workers-worker-1,True,0,373417501,258679808
59415,2026-08-10 19:42:23.771096,1,Suits/Season 3/Suits - S03E08 - Endgame HDTV-720p.mkv,,AV1 Tier 1 Efficient,mediavortex-workers-worker-1,True,0,364855615,245755133
59620,2026-08-11 06:08:49.669602,1,Suits/Season 9/Suits - S09E02 - Special Master HDTV-720p.mkv,,AV1 Tier 1 Efficient,I9-2024,True,0,331409006,208855377
59626,2026-08-11 06:38:48.080748,1,Suits/Season 8/Suits - S08E11 - Rocky 8 HDTV-720p.mkv,,AV1 Tier 1 Efficient,I9-2024,True,0,329031565,329951619
59647,2026-08-11 07:54:11.386710,1,Suits/Season 7/Suits - S07E05 - Brooklyn Housing HDTV-720p.mkv,,AV1 Tier 1 Efficient,mediavortex-workers-worker-1,True,0,318855804,198208085
59672,2026-08-11 09:15:15.883714,1,Suits/Season 9/Suits - S09E04 - Cairo HDTV-720p.mkv,,AV1 Tier 1 Efficient,I9-2024,True,0,312176089,202017345
59799,2026-08-11 14:12:39.381000,1,The Real Housewives of Orange County/Season 17/The Real Housewives of Orange County - S17E01 - Here Comes the Judge HDTV-720p.mkv,,AV1 Tier 1 Efficient,I9-2024,True,0,582912397,584052861
60117,2026-08-12 03:36:06.933831,1,"The Ark/Season 1/The Ark - S01E05 - One Step Forward, Two Steps Back HDTV-720p.mkv",,AV1 Tier 1 Efficient,I9-2024,True,0,459008553,411210180
60283,2026-08-12 12:29:53.111003,1,Doctor Who (2005)/Season 7/Doctor Who (2005) - S07E02 - Dinosaurs on a Spaceship Bluray-720p.mkv,,AV1 Tier 1 Efficient,I9-2024,True,0,443306476,464879265
60284,2026-08-12 12:33:03.334125,1,The Flash (2014)/Season 1/The Flash (2014) - S01E18 - All Star Team Up WEBDL-720p.mkv,,AV1 Tier 1 Efficient,I9-2024,True,0,443264532,480178910
60416,2026-08-12 18:34:21.439576,1,Once Upon a Time (2011)/Season 7/Once Upon a Time (2011) - S07E19 - Flower Child HDTV-720p.mkv,,AV1 Tier 1 Efficient,I9-2024,True,0,433722491,390644789
60794,2026-08-13 08:06:03.154683,1,Star Trek - Strange New Worlds/Season 3/Star Trek - Strange New Worlds - S03E08 - Four-and-a-Half Vulcans HDTV-720p.mkv,,AV1 Tier 1 Efficient,I9-2024,True,0,400702833,267499070
60801,2026-08-13 08:22:10.234943,1,The Real Housewives of Orange County/Season 18/The Real Housewives of Orange County - S18E15 - Double Decker Drama HDTV-720p.mkv,,AV1 Tier 1 Efficient,I9-2024,True,0,400192223,401340701
60861,2026-08-13 10:10:15.825017,1,Curb Your Enthusiasm/Season 8/Curb Your Enthusiasm - S08E05 - Vow of Silence HDTV-1080p.mkv,,AV1 Tier 1 Efficient,I9-2024,True,0,394610606,368403854
60862,2026-08-13 10:12:20.034649,1,Avatar - The Last Airbender/Season 3/Avatar - The Last Airbender - S03E10-E11 - The Day of Black Sun - The Invasion + The Day of Black Sun - The Eclipse Bluray-1080p.mkv,,AV1 Tier 1 Efficient,I9-2024,True,0,394432348,381143279
60863,2026-08-13 10:15:32.214474,1,The Rookie/Season 1/The Rookie - S01E07 - The Ride Along WEBDL-720p.mkv,,AV1 Tier 1 Efficient,I9-2024,True,0,394327491,388338524
60892,2026-08-13 11:11:06.560278,1,Emily in Paris/Season 5/Emily in Paris - S05E01 - La Dolce Emily HDTV-720p.mkv,,AV1 Tier 1 Efficient,I9-2024,True,0,392345682,306095192
60984,2026-08-13 13:11:04.939393,1,The Real Housewives of Orange County/Season 17/The Real Housewives of Orange County - S17E01 - Here Comes the Judge HDTV-720p.mkv,,AV1 Tier 1 Efficient,I9-2024,True,0,582912397,584052861
61206,2026-08-13 18:16:37.679175,1,"The Ark/Season 1/The Ark - S01E05 - One Step Forward, Two Steps Back HDTV-720p.mkv",,AV1 Tier 1 Efficient,I9-2024,True,0,459008553,459942889
61294,2026-08-13 19:18:10.841463,1,Doctor Who (2005)/Season 7/Doctor Who (2005) - S07E02 - Dinosaurs on a Spaceship Bluray-720p.mkv,,AV1 Tier 1 Efficient,I9-2024,True,0,443306476,444924101
61295,2026-08-13 19:18:29.097926,1,The Flash (2014)/Season 1/The Flash (2014) - S01E18 - All Star Team Up WEBDL-720p.mkv,,AV1 Tier 1 Efficient,I9-2024,True,0,443264532,444564066
61356,2026-08-13 20:00:42.615015,1,Once Upon a Time (2011)/Season 7/Once Upon a Time (2011) - S07E19 - Flower Child HDTV-720p.mkv,,AV1 Tier 1 Efficient,mediavortex-workers-worker-1,True,0,433722491,434625164
61616,2026-08-13 23:02:04.180391,1,The Real Housewives of Orange County/Season 18/The Real Housewives of Orange County - S18E15 - Double Decker Drama HDTV-720p.mkv,,AV1 Tier 1 Efficient,I9-2024,True,0,400192223,409291706
61846,2026-08-14 03:13:47.413334,1,Curb Your Enthusiasm/Season 8/Curb Your Enthusiasm - S08E05 - Vow of Silence HDTV-1080p.mkv,,AV1 Tier 1 Efficient,mediavortex-workers-worker-1,True,0,394610606,395240043
61847,2026-08-14 03:14:18.548361,1,Avatar - The Last Airbender/Season 3/Avatar - The Last Airbender - S03E10-E11 - The Day of Black Sun - The Invasion + The Day of Black Sun - The Eclipse Bluray-1080p.mkv,,AV1 Tier 1 Efficient,mediavortex-workers-worker-1,True,0,394432348,381499016
61849,2026-08-14 03:14:38.734298,1,The Rookie/Season 1/The Rookie - S01E07 - The Ride Along WEBDL-720p.mkv,,AV1 Tier 1 Efficient,mediavortex-workers-worker-1,True,0,394327491,394990194
61915,2026-08-14 04:05:17.191068,1,Once Upon a Time (2011)/Season 2/Once Upon a Time (2011) - S02E08 - Into the Deep Bluray-576p-mv.mp4,,AV1 Tier 1 Efficient,wakko-worker-1,True,0,622455685,206182833
61917,2026-08-14 04:08:45.597261,1,Animal Kingdom (2016)/Season 4/Animal Kingdom (2016) - S04E10 - Exit Strategy HDTV-720p.mkv,,AV1 Tier 1 Efficient,I9-2024,True,0,389059999,355811594
62025,2026-08-14 06:13:58.742169,1,Batman - The Animated Series/Season 1/Batman - The Animated Series - S01E50 - Zatanna DVD-mv.mp4,,AV1 Tier 1 Efficient,wakko-worker-1,True,0,477353738,50684433
62081,2026-08-14 07:13:57.912947,1,Pam and Tommy/Season 1/Pam and Tommy - S01E03 - Jane Fonda HDTV-1080p.mkv,,AV1 Tier 1 Efficient,I9-2024,True,0,382719754,398590119
62268,2026-08-14 10:16:44.331334,1,iZombie/Season 4/iZombie - S04E02 - Blue Bloody WEBRip-720p.mkv,,AV1 Tier 1 Efficient,I9-2024,True,0,376711414,370410258
62339,2026-08-14 11:18:49.027606,1,Minnie's Bow-Toons/Season 1/Minnie's Bow-Toons - S01E10 - Fashion Emergency DVD-mv.mp4,,AV1 Tier 1 Efficient,wakko-worker-1,True,0,310158295,98372566
62396,2026-08-14 12:04:55.097847,1,"Ahsoka/Season 1/Ahsoka - S01E06 - Part Six - Far, Far Away HDTV-720p.mkv",,AV1 Tier 1 Efficient,I9-2024,True,0,371341853,218544643
62416,2026-08-14 12:18:42.012655,1,Vikings/Season 5/Vikings - S05E15 - Hell WEBDL-720p.mkv,,AV1 Tier 1 Efficient,I9-2024,True,0,370986189,367556025
62420,2026-08-14 12:20:41.918353,1,Steven Universe/Season 2/Steven Universe - S02E08 - Reformed WEBDL-480p-mv.mp4,,AV1 Tier 1 Efficient,dot-worker-1,True,0,151718461,48099876
62492,2026-08-14 13:50:25.144672,1,Heroes/Season 2/Heroes - S02E07 - Out of Time Bluray-1080p.mkv,"Transcode failed: Transcoding failed with return code 183
FFmpeg output tail:
libva info: VA-API version 1.23.0
libva info: Trying to open /usr/lib/x86_64-linux-gnu/dri/iHD_drv_video.so
libva info: Found init function __vaDriverInit_1_23
libva info: va_openDriver() returns 0
libva info: VA-API version 1.23.0
libva info: Trying to open /usr/lib/x86_64-linux-gnu/dri/iHD_drv_video.so
libva info: Found init function __vaDriverInit_1_23
libva info: va_openDriver() returns 0
[dca @ 0x5fb7cc05a900] Invalid bit allocation index
[aist#0:1/dts @ 0x5fb7cb7e7c40] [dec:dca @ 0x5fb7cc015380] Error submitting packet to decoder: Invalid data found when processing input
[af#0:4 @ 0x5fb7cc2efd40] Cannot determine format of input 0:3 after EOF
[af#0:4 @ 0x5fb7cc2efd40] Task finished with error code: -1094995529 (Invalid data found when processing input)
[af#0:4 @ 0x5fb7cc2efd40] Terminating thread with return code -1094995529 (Invalid data found when processing input)
[aost#0:4/libopus @ 0x5fb7cc05cec0] [enc:libopus @ 0x5fb7cc05d5c0] Could not open encoder before EOF
[aost#0:4/libopus @ 0x5fb7cc05cec0] Task finished with error code: -22 (Invalid argument)
[aost#0:4/libopus @ 0x5fb7cc05cec0] Terminating thread with return code -22 (Invalid argument)
[out#0/mp4 @ 0x5fb7cb870c80] Nothing was written into output file, because at least one of its streams received no packets.
frame=    0 fps=0.0 q=-0.0 Lsize=       0KiB time=N/A bitrate=N/A speed=N/A elapsed=0:05:33.22",AV1 Tier 1 Efficient,wakko-worker-1,False,0,4694275523,0
62499,2026-08-14 14:02:10.830343,1,Heroes/Season 2/Heroes - S02E07 - Out of Time Bluray-1080p.mkv,Failed to create transcode attempt record for Transcode,AV1 Tier 1 Efficient,I9-2024,False,0,4694275523,0
62519,2026-08-14 14:50:18.312696,1,Curb Your Enthusiasm/Season 7/Curb Your Enthusiasm - S07E09 - The Table Read HDTV-720p.mkv,,AV1 Tier 1 Efficient,wakko-worker-1,True,0,362712924,330093233
62588,2026-08-14 16:54:13.012824,1,Seeking Sister Wife/Season 2/Seeking Sister Wife - S02E09 - It's Getting Steamy Up In Here! HDTV-720p.mkv,,AV1 Tier 1 Efficient,dot-worker-1,True,0,358072018,364187150
62624,2026-08-14 18:08:28.396283,1,Doctor Who (2005)/Season 2/Doctor Who (2005) - S02E03 - School Reunion Bluray-720p.mkv,,AV1 Tier 1 Efficient,dot-worker-1,True,0,354292859,342560595
62808,2026-08-15 00:52:57.587291,1,The Great/Season 1/The Great - S01E01 - The Great HDTV-720p.mkv,,AV1 Tier 1 Efficient,dot-worker-1,True,0,339340165,350913759
62923,2026-08-15 05:01:03.125335,1,Suits/Season 8/Suits - S08E11 - Rocky 8 HDTV-720p.mkv,,AV1 Tier 1 Efficient,dot-worker-1,True,0,329031565,207623018
63228,2026-08-15 14:03:13.513293,1,Boardwalk Empire/Season 5/Boardwalk Empire - S05E04 - Cuanto Bluray-720p.mkv,,AV1 Tier 1 Efficient,wakko-worker-1,True,0,311783588,301943334
63470,2026-08-15 21:10:57.403312,1,SK8 the Infinity/Season 1/SK8 the Infinity - S01E08 - The Fated Tournament! Bluray-1080p.mkv,,AV1 Tier 1 Efficient,wakko-worker-1,True,0,300060508,275836624
63526,2026-08-15 23:03:48.770450,1,Heroes/Season 2/Heroes - S02E07 - Out of Time Bluray-1080p.mkv,"Transcode failed: Transcoding failed with return code 3199971767
FFmpeg output tail:
[dca @ 00000234ff2b3980] Invalid bit allocation index
[aist#0:1/dts @ 00000234fda832c0] [dec:dca @ 00000234fe04ae80] Error submitting packet to decoder: Invalid data found when processing input
[af#0:4 @ 00000234fdf60d80] Cannot determine format of input 0:3 after EOF
[af#0:4 @ 00000234fdf60d80] Task finished with error code: -1094995529 (Invalid data found when processing input)
[af#0:4 @ 00000234fdf60d80] Terminating thread with return code -1094995529 (Invalid data found when processing input)
[aost#0:4/libopus @ 00000234fea41240] [enc:libopus @ 00000234fee0e880] Could not open encoder before EOF
[aost#0:4/libopus @ 00000234fea41240] Task finished with error code: -22 (Invalid argument)
[aost#0:4/libopus @ 00000234fea41240] Terminating thread with return code -22 (Invalid argument)
[out#0/mp4 @ 00000234fe70fd80] Nothing was written into output file, because at least one of its streams received no packets.
frame=    0 fps=0.0 q=19.0 Lsize=       0KiB time=N/A bitrate=N/A speed=N/A elapsed=0:04:01.36",AV1 Tier 1 Efficient,I9-2024,False,0,4694275523,0
63620,2026-08-16 01:15:21.593561,1,LazyTown/Season 1/LazyTown - S01E26 - LazyTown's New Superhero WEBRip-1080p.mkv,,AV1 Tier 1 Efficient,I9-2024,True,0,488971960,177420843
63760,2026-08-16 03:30:00.260147,1,Doctor Who (2005)/Season 2/Doctor Who (2005) - S02E03 - School Reunion Bluray-720p-mv.mp4,Post-encode pipeline failed: ProcessFileReplacement returned failure for TranscodeAttempt 63760: ComplianceGateFailed: no_dialog_boost,AV1 Tier 1 Efficient,I9-2024,False,0,342559293,78434432
63813,2026-08-16 04:14:19.019203,1,Seeking Sister Wife/Season 4/Seeking Sister Wife - S04E11 - Brazil or Bust HDTV-720p.mkv,,AV1 Tier 1 Efficient,dot-worker-1,True,0,288326943,295274071
63932,2026-08-16 06:17:24.848905,1,FBI/Season 2/FBI - S02E11 - Fallout HDTV-720p.mkv,,AV1 Tier 1 Efficient,I9-2024,True,0,281795265,279114512
63933,2026-08-16 06:18:20.735915,1,Fugget About It/Season 2/Fugget About It - S02E05 - Royally Screwed WEBDL-720p.mkv,,AV1 Tier 1 Efficient,dot-worker-1,True,0,281793294,271615811
64100,2026-08-16 09:18:51.713022,1,It's Always Sunny in Philadelphia/Season 14/It's Always Sunny in Philadelphia - S14E03 - Dee Day WEBRip-720p.mkv,,AV1 Tier 1 Efficient,wakko-worker-1,True,0,273279877,283491939
64102,2026-08-16 09:20:13.999368,1,Arifureta - From Commonplace to World's Strongest/Season 1/Arifureta - From Commonplace to World's Strongest - S01E01 - The Monster of the Abyss Bluray-1080p.mkv,,AV1 Tier 1 Efficient,I9-2024,True,0,273206477,244076777
64208,2026-08-16 11:20:59.225095,1,"Jujutsu Kaisen/Season 3/JUJUTSU KAISEN - S03E09 - Tokyo Colony No. 1, Part 3 WEBDL-1080p.mkv",,AV1 Tier 1 Efficient,I9-2024,True,0,267795825,265991559
64268,2026-08-16 12:20:43.513893,1,Farming Life in Another World/Season 1/Farming Life in Another World - S01E10 - Princess Yuri Bluray-1080p.mkv,,AV1 Tier 1 Efficient,dot-worker-1,True,0,263433748,259805536
64320,2026-08-16 13:20:06.277166,1,Castlevania/Season 3/Castlevania - S03E05 - A Seat of Civilisation and Refinement Bluray-1080p.mkv,,AV1 Tier 1 Efficient,dot-worker-1,True,0,260267049,194348832
64370,2026-08-16 14:21:53.399158,1,Pokémon/Season 20/Pokémon - S20E75 - The Wonders of the World! HDTV-1080p.mkv,,AV1 Tier 1 Efficient,I9-2024,True,0,338197217,187711752
64655,2026-08-16 19:25:54.373067,1,Phineas and Ferb/Season 5/Phineas and Ferb - S05E14 - Agent T (For Teen) HDTV-720p.mkv,,AV1 Tier 1 Efficient,I9-2024,True,0,244643267,253208499
64787,2026-08-16 22:24:10.112848,1,Rick and Morty/Season 7/Rick and Morty - S07E10 - Fear No Mort WEBRip-1080p.mkv,,AV1 Tier 1 Efficient,dot-worker-1,True,0,239148728,221620227
64884,2026-08-17 01:27:52.729828,1,Abbott Elementary/Season 4/Abbott Elementary - S04E05 - Dad Fight WEBDL-720p.mkv,,AV1 Tier 1 Efficient,wakko-worker-1,True,0,233654190,229494008
65128,2026-08-17 08:29:59.500288,1,South Park/Season 13/South Park - S13E13 - Dances With Smurfs HDTV-1080p.mkv,,AV1 Tier 1 Efficient,dot-worker-1,True,0,217673892,191844177
65197,2026-08-17 10:32:50.671662,1,Avatar - The Last Airbender/Season 1/Avatar - The Last Airbender - S01E08 - Avatar Roku - Winter Solstice (2) Bluray-1080p.mkv,,AV1 Tier 1 Efficient,wakko-worker-1,True,0,211822838,205053510
65334,2026-08-17 14:33:31.733271,1,Workin' Moms/Season 1/Workin' Moms - S01E04 - Bad Help HDTV-720p.mkv,,AV1 Tier 1 Efficient,dot-worker-1,True,0,204535235,138594295
65370,2026-08-17 15:36:26.712646,1,"American Housewife/Season 4/American Housewife - S04E02 - Bed, Bath & Beyond our Means HDTV-720p.mkv",,AV1 Tier 1 Efficient,wakko-worker-1,True,0,202670116,182484704
65397,2026-08-17 16:35:57.457838,1,Drug Store in Another World - The Slow Life of a Cheat Pharmacist/Season 1/Drug Store in Another World - The Slow Life of a Cheat Pharmacist - S01E08 - Odorless Body Soap! + Three-Minute Revive Bluray-1080p.mkv,,AV1 Tier 1 Efficient,wakko-worker-1,True,0,201043476,205184070
65450,2026-08-17 18:07:22.048901,1,Banana Fish/Season 1/Banana Fish - S01E04 - This Side of Paradise WEBDL-720p.mkv,,AV1 Tier 1 Efficient,wakko-worker-1,True,0,198589809,187345249
65451,2026-08-17 18:08:04.047239,1,Gravity Falls/Season 1/Gravity Falls - S01E11 - Little Dipper WEBDL-720p.mkv,,AV1 Tier 1 Efficient,dot-worker-1,True,0,198505923,199002210
65551,2026-08-17 20:06:05.579216,1,Hell on Wheels/Season 3/Hell on Wheels - S03E02 - Eminent Domain WEBDL-720p.mkv,,AV1 Tier 1 Efficient,I9-2024,True,0,1420768051,395194404
65786,2026-08-18 01:09:16.231900,1,Paradise PD/Season 1/Paradise PD - S01E03 - Black & Blue WEBDL-1080p.mkv,,AV1 Tier 1 Efficient,I9-2024,True,0,540771615,234659953
65888,2026-08-18 03:05:35.956741,1,Doctor Who (2005)/Season 2/Doctor Who (2005) - S02E03 - School Reunion Bluray-720p-mv.mp4,Post-encode pipeline failed: ProcessFileReplacement returned failure for TranscodeAttempt 65888: ComplianceGateFailed: no_dialog_boost,AV1 Tier 1 Efficient,I9-2024,False,0,342559293,78434432
66144,2026-08-18 08:15:31.712383,1,Banana Fish/Season 1/Banana Fish - S01E22 - As I Lay Dying HDTV-720p.mkv,,AV1 Tier 1 Efficient,wakko-worker-1,True,0,162120335,151079856
66148,2026-08-18 08:18:25.738427,1,The Office (US)/Season 3/The Office (US) - S03E16 - Business School HDTV-720p.mkv,,AV1 Tier 1 Efficient,wakko-worker-1,True,0,161963067,162333878
66198,2026-08-18 09:15:54.576883,1,Log Horizon/Season 1/Log Horizon - S01E12 - The Forest of Lagranda WEBRip-1080p.mkv,,AV1 Tier 1 Efficient,wakko-worker-1,True,0,158502748,165358017
66199,2026-08-18 09:17:05.054888,1,Star vs. the Forces of Evil/Season 4/Star vs. the Forces of Evil - S04E20 - Junkin' Janna HDTV-720p.mkv,,AV1 Tier 1 Efficient,dot-worker-1,True,0,158408616,164845135
66200,2026-08-18 09:18:45.281859,1,The Office (US)/Season 3/The Office (US) - S03E15 - Phyllis' Wedding HDTV-720p.mkv,,AV1 Tier 1 Efficient,dot-worker-1,True,0,158194632,158558278
66201,2026-08-18 09:18:52.602389,1,The Office (US)/Season 3/The Office (US) - S03E19 - Safety Training HDTV-720p.mkv,,AV1 Tier 1 Efficient,wakko-worker-1,True,0,158163147,158525577
66202,2026-08-18 09:18:55.334509,1,The Office (US)/Season 3/The Office (US) - S03E06 - Diwali HDTV-720p.mkv,,AV1 Tier 1 Efficient,dot-worker-1,True,0,158078187,158448328
66312,2026-08-18 11:50:40.325121,1,Steven Universe/Season 2/Steven Universe - S02E24 - Too Far HDTV-720p.mkv,,AV1 Tier 1 Efficient,wakko-worker-1,True,0,149914911,137136680
66348,2026-08-18 12:37:24.851443,1,Steven Universe/Season 2/Steven Universe - S02E25 - The Answer HDTV-720p.mkv,,AV1 Tier 1 Efficient,wakko-worker-1,True,0,147115213,138419795
66404,2026-08-18 13:53:24.286099,1,Steven Universe/Season 2/Steven Universe - S02E17 - Historical Friction HDTV-720p.mkv,,AV1 Tier 1 Efficient,dot-worker-1,True,0,142805565,130832865
66472,2026-08-18 15:20:50.657890,1,Steven Universe/Season 1/Steven Universe - S01E07 - Bubble Buddies Bluray-720p.mkv,,AV1 Tier 1 Efficient,wakko-worker-1,True,0,136094679,125287988
66515,2026-08-18 16:18:01.992247,1,Star Wars - The Bad Batch/Season 1/Star Wars - The Bad Batch - S01E13 - Infested HDTV-720p.mkv,,AV1 Tier 1 Efficient,dot-worker-1,True,0,132089904,141137382
66518,2026-08-18 16:21:57.287265,1,Steven Universe/Season 1/Steven Universe - S01E35 - Lion 3 - Straight to Video Bluray-720p.mkv,,AV1 Tier 1 Efficient,wakko-worker-1,True,0,131931832,121271313
66564,2026-08-18 17:18:59.910599,1,Family Guy/Season 24/Family Guy - S24E12 - Lower G.I. Joe HDTV-720p.mkv,,AV1 Tier 1 Efficient,wakko-worker-1,True,0,128188416,132983287
66566,2026-08-18 17:23:41.932030,1,Pokémon/Season 6/Pokémon - S06E16 - The Winner By a Nosepass HDTV-720p.mkv,,AV1 Tier 1 Efficient,wakko-worker-1,True,0,127957729,128324579
66569,2026-08-18 17:25:14.033240,1,Steven Universe/Season 2/Steven Universe - S02E29 - Log Date 7 15 2 HDTV-720p.mkv,,AV1 Tier 1 Efficient,wakko-worker-1,True,0,127580242,117055020
66591,2026-08-18 17:51:18.271331,1,Steven Universe/Season 2/Steven Universe - S02E28 - Message Received HDTV-720p.mkv,,AV1 Tier 1 Efficient,wakko-worker-1,True,0,125273375,115481801
66778,2026-08-18 21:10:32.288758,1,Steven Universe/Season 2/Steven Universe - S02E06 - Shirt Club HDTV-1080p.mkv,,AV1 Tier 1 Efficient,wakko-worker-1,True,0,112679977,120669692
66852,2026-08-18 22:23:52.165336,1,Star Wars - The Bad Batch/Season 3/Star Wars - The Bad Batch - S03E02 - Paths Unknown HDTV-720p.mkv,,AV1 Tier 1 Efficient,dot-worker-1,True,0,108676885,121753545
67017,2026-08-19 00:57:10.852292,2,Star Wars The Clone Wars (2008)/Star Wars The Clone Wars (2008) Bluray-720p.mkv,,AV1 Tier 1 Efficient,I9-2024,True,0,733552312,209472874
67040,2026-08-19 01:27:28.837053,1,Phineas and Ferb/Season 1/Phineas and Ferb - S01E40 - The Monster of Phineas-n-Ferbenstein WEBRip-1080p.mkv,,AV1 Tier 1 Efficient,wakko-worker-1,True,0,99465293,94345580
67161,2026-08-19 02:58:18.997045,1,Steven Universe/Season 2/Steven Universe - S02E05 - Story for Steven HDTV-1080p.mkv,,AV1 Tier 1 Efficient,dot-worker-1,True,0,92935291,101975985
67236,2026-08-19 03:27:28.504172,1,Erased/Season 1/Erased - S01E05 - Getaway WEBRip-480p.mkv,,AV1 Tier 1 Efficient,wakko-worker-1,True,0,87996498,100059632
67342,2026-08-19 04:28:16.203806,1,How I Met Your Mother/Season 4/How I Met Your Mother - S04E06 - Happily Ever After WEBDL-720p.mkv,,AV1 Tier 1 Efficient,wakko-worker-1,True,0,78496399,91097554
67346,2026-08-19 04:29:58.508520,1,Phineas and Ferb/Season 1/Phineas and Ferb - S01E43 - Hail Doofania! WEBRip-1080p.mkv,,AV1 Tier 1 Efficient,dot-worker-1,True,0,77661946,72648182
67347,2026-08-19 04:30:50.223444,1,Boy Meets World/Season 7/Boy Meets World - S07E23 - Brave New World (2) SDTV.mkv,,AV1 Tier 1 Efficient,wakko-worker-1,True,0,77566923,78110194
67531,2026-08-19 05:29:55.462291,1,Adventure Time/Season 5/Adventure Time - S05E20 - Shh! Bluray-480p.mkv,,AV1 Tier 1 Efficient,wakko-worker-1,True,0,51118080,55518998
67606,2026-08-19 16:33:37.199168,1,Hoarders/Season 8/Hoarders - S08E12 - Sybil & Ron WEBRip-1080p.mkv,,AV1 Tier 1 Efficient,I9-2024,True,0,3746216018,348999991
67611,2026-08-19 16:46:30.988538,1,Hoarders/Season 12/Hoarders - S12E06 - Tim WEBDL-1080p.mkv,,AV1 Tier 1 Efficient,dot-worker-1,True,0,3734985769,3756311599
67692,2026-08-19 19:26:15.452033,1,Doctor Who (2005)/Season 2/Doctor Who (2005) - S02E03 - School Reunion Bluray-720p-mv.mp4,Post-encode pipeline failed: ProcessFileReplacement returned failure for TranscodeAttempt 67692: ComplianceGateFailed: no_dialog_boost,AV1 Tier 1 Efficient,I9-2024,False,0,342559293,78434432
67697,2026-08-19 19:35:39.134485,1,Hoarders/Season 6/Hoarders - S06E10 - Jan & Bebe WEBDL-1080p.mkv,,AV1 Tier 1 Efficient,dot-worker-1,True,0,1876332380,1909199498
67746,2026-08-19 21:35:48.790653,1,Hoarders/Season 9/Hoarders - S09E03 - Leza & Linda WEBDL-1080p.mkv,,AV1 Tier 1 Efficient,wakko-worker-1,True,0,1688175903,1701314510
67766,2026-08-19 22:35:01.078480,1,The Seven Deadly Sins/Season 2/The Seven Deadly Sins - S02E18 - For Whom Does That Light Shine HDTV-1080p.mkv,,AV1 Tier 1 Efficient,wakko-worker-1,True,0,900076667,858894730
67782,2026-08-19 23:36:00.965417,1,The Seven Deadly Sins/Season 2/The Seven Deadly Sins - S02E15 - A Horrifying Confession HDTV-1080p.mkv,,AV1 Tier 1 Efficient,dot-worker-1,True,0,868095099,825236231
67918,2026-08-20 06:38:40.665833,1,Hoarders/Season 12/Hoarders - S12E06 - Tim WEBDL-1080p-mv.mp4,,AV1 Tier 1 Efficient,I9-2024,True,0,3756313805,705227159
68108,2026-08-20 13:46:41.295705,1,Project Runway/Season 13/Project Runway - S13E11 - The Highest Bidder WEBDL-720p.26.mp4,,AV1 Tier 1 Efficient,dot-worker-1,True,0,572407153,581893439
68232,2026-08-20 17:19:27.856620,1,Doctor Who (2005)/Season 2/Doctor Who (2005) - S02E07 - The Idiot's Lantern Bluray-480p-mv.mp4,,AV1 Tier 1 Efficient,wakko-worker-1,True,0,556720456,566011048
69206,2026-08-21 21:06:03.558160,1,Survivor/Season 18/Survivor - S18E04 - The Strongest Man Alive HDTV-480p.mp4,,AV1 Tier 1 Efficient,wakko-worker-1,True,0,492056632,500191055
69680,2026-08-22 16:51:28.311699,1,Heroes/Season 2/Heroes - S02E07 - Out of Time Bluray-1080p.mkv,"Transcode failed: Transcoding failed with return code 3199971767
FFmpeg output tail:
[dca @ 0000021bc48ec100] Invalid bit allocation index
[aist#0:1/dts @ 0000021bc35532c0] [dec:dca @ 0000021bc3b2b1c0] Error submitting packet to decoder: Invalid data found when processing input
[af#0:4 @ 0000021bc3e6bd40] Cannot determine format of input 0:3 after EOF
[af#0:4 @ 0000021bc3e6bd40] Task finished with error code: -1094995529 (Invalid data found when processing input)
[af#0:4 @ 0000021bc3e6bd40] Terminating thread with return code -1094995529 (Invalid data found when processing input)
[aost#0:4/libopus @ 0000021bc39e9700] [enc:libopus @ 0000021bc48f16c0] Could not open encoder before EOF
[aost#0:4/libopus @ 0000021bc39e9700] Task finished with error code: -22 (Invalid argument)
[aost#0:4/libopus @ 0000021bc39e9700] Terminating thread with return code -22 (Invalid argument)
[out#0/mp4 @ 0000021bc35da2c0] Nothing was written into output file, because at least one of its streams received no packets.
frame=    0 fps=0.0 q=19.0 Lsize=       0KiB time=N/A bitrate=N/A speed=N/A elapsed=0:04:07.93",AV1 Tier 1 Efficient,I9-2024,False,0,4694275523,0
69892,2026-08-23 04:03:18.531475,1,Outlander - Blood of My Blood/Season 1/Outlander - Blood of My Blood - S01E01 - Providence WEBRip-480p.mp4,,AV1 Tier 1 Efficient,I9-2024,True,0,441314181,450997350
69900,2026-08-23 04:16:38.315420,1,Sister Wives/Season 1/Sister Wives - S01E01 - Meet Kody & the Wives WEBDL-480p.mp4,,AV1 Tier 1 Efficient,I9-2024,True,0,417826079,422084970
69914,2026-08-23 04:49:26.781210,1,"Seven Worlds, One Planet/Season 1/Seven Worlds, One Planet - S01E02 - Asia HDTV-480p.mp4",,AV1 Tier 1 Efficient,I9-2024,True,0,416337101,425944440
70232,2026-08-23 12:40:54.401984,1,Sister Wives/Season 9/Sister Wives - S09E04 - Marriage Counseling Texas Style WEBDL-480p.mp4,,AV1 Tier 1 Efficient,wakko-worker-1,True,0,391947223,397173216
70234,2026-08-23 12:41:41.194428,1,The Walking Dead/Season 8/The Walking Dead - S08E08 - How It's Gotta Be WEBDL-720p.mp4,,AV1 Tier 1 Efficient,I9-2024,True,0,391873823,405600543
70284,2026-08-23 13:39:30.933295,1,The Graham Norton Show/Season 25/The Graham Norton Show - S25E05 - Episode 5 HDTV-720p.mkv,,AV1 Tier 1 Efficient,dot-worker-2,True,0,388015063,400062974
70289,2026-08-23 13:45:31.702565,1,High Potential/Season 1/High Potential - S01E03 - Dirty Rotten Scoundrel HDTV-720p.mp4,,AV1 Tier 1 Efficient,dot-worker-2,True,0,387815834,371218409
70299,2026-08-23 13:57:58.051498,1,Sister Wives/Season 8/Sister Wives - S08E04 - One More Woman in Kody's Life WEBDL-480p.mp4,,AV1 Tier 1 Efficient,wakko-worker-1,True,0,387228631,393500697
70312,2026-08-23 14:12:59.196232,1,The Seven Deadly Sins/Season 1/The Seven Deadly Sins - S01E22 - What I Can Do For You HDTV-1080p.mkv,,AV1 Tier 1 Efficient,I9-2024,True,0,386463171,391746626
70321,2026-08-23 14:24:10.901472,1,The Office SuperFan/The Office Extended/S8/S08E17 Test the Store.mp4,,AV1 Tier 1 Efficient,dot-worker-2,True,0,385844511,382374579
70333,2026-08-23 14:38:28.156458,1,Sister Wives/Season 11/Sister Wives - S11E04 - Embarrassing the Sister Wives WEBDL-480p.mp4,,AV1 Tier 1 Efficient,I9-2024,True,0,385058079,391511861
70403,2026-08-23 16:06:47.504564,1,"Sister Wives/Season 10/Sister Wives - S10E04 - Thanksgiving - The Good, the Bad, the Ugly WEBDL-480p.mp4",,AV1 Tier 1 Efficient,I9-2024,True,0,379416740,386985599
70411,2026-08-23 16:19:42.584738,1,Project Runway/Season 22/Project Runway - S22E06 - The Devil's in the Details WEBDL-480p.mp4,,AV1 Tier 1 Efficient,dot-worker-2,True,0,378630308,417787510
70438,2026-08-23 16:52:03.547120,1,The Office SuperFan/The Office Extended/S8/S08E16 After Hours.mp4,,AV1 Tier 1 Efficient,dot-worker-2,True,0,376312955,372691017
70449,2026-08-23 17:05:35.035477,1,The Graham Norton Show/Season 29/The Graham Norton Show - S29E16 - Episode 16 HDTV-720p.mkv,,AV1 Tier 1 Efficient,I9-2024,True,0,375694295,390222644
70471,2026-08-23 17:31:43.037132,1,Demon Slayer - Kimetsu no Yaiba/Season 4/Demon Slayer - Kimetsu no Yaiba - S04E01 - Someone's Dream HDTV-720p.mkv,,AV1 Tier 1 Efficient,I9-2024,True,0,374058516,389970477
70486,2026-08-23 17:49:53.595890,1,The Real Housewives of Orange County/Season 20/The Real Housewives of Orange County - S20E06 - Suite and Sour WEBDL-480p.mp4,,AV1 Tier 1 Efficient,I9-2024,True,0,373093827,365960016
70502,2026-08-23 18:14:28.538767,1,Hell on Wheels/Season 4/Hell on Wheels - S04E03 - Chicken Hill Bluray-480p.mkv,,AV1 Tier 1 Efficient,dot-worker-1,True,0,372024279,382609054
70583,2026-08-23 19:48:38.909731,1,The Office SuperFan/The Office Extended/S8/S08E15 Tallahassee.mp4,,AV1 Tier 1 Efficient,wakko-worker-1,True,0,367819489,363902359
70588,2026-08-23 19:57:40.496702,1,The Sopranos/Season 6/The Sopranos - S06E06 - Live Free or Die SDTV.avi,,AV1 Tier 1 Efficient,dot-worker-1,True,0,367389573,368023246
70598,2026-08-23 20:08:29.009436,1,The Deuce/Season 1/The Deuce - S01E08 - My Name Is Ruby Bluray-480p.mp4,,AV1 Tier 1 Efficient,I9-2024,True,0,366802371,369751480
70618,2026-08-23 20:29:26.091253,1,The Sopranos/Season 5/The Sopranos - S05E13 - All Due Respect SDTV.avi,,AV1 Tier 1 Efficient,dot-worker-1,True,0,365460193,340398179
70674,2026-08-23 21:35:19.144546,1,The Office SuperFan/The Office Extended/S8/S08E20 Welcome Party.mp4,,AV1 Tier 1 Efficient,I9-2024,True,0,362838753,359851550
70680,2026-08-23 21:42:40.130224,1,The Sopranos/Season 5/The Sopranos - S05E10 - Cold Cuts SDTV.avi,,AV1 Tier 1 Efficient,I9-2024,True,0,362691953,340507352
70700,2026-08-23 22:08:32.922032,1,President Curtis/Season 1/President Curtis - S01E03 - Ex WEBRip-1080p.mkv,,AV1 Tier 1 Efficient,I9-2024,True,0,361528033,300751400
70745,2026-08-23 22:53:30.890499,1,"The 100 Girlfriends Who Really, Really, Really, Really, REALLY Love You/Season 3/The 100 Girlfriends Who Really, Really, Really, Really, REALLY Love You - S03E06 - Momiji-chan's Squishy Festival WEBDL-1080p.mkv",,AV1 Tier 1 Efficient,I9-2024,True,0,359955169,358297538
70768,2026-08-23 23:19:31.108288,1,Sister Wives/Season 8/Sister Wives - S08E02 - A Family Meltdown WEBDL-480p.26.mp4,,AV1 Tier 1 Efficient,I9-2024,True,0,358571049,363685986
70778,2026-08-23 23:29:04.578716,1,Dexter/Season 4/Dexter - S04E03 - Blinded by the Light Bluray-720p.36.mp4,,AV1 Tier 1 Efficient,dot-worker-2,True,0,357983846,367879886
70784,2026-08-23 23:34:57.039482,1,Paradise PD/Season 1/Paradise PD - S01E02 - Ass on the Line WEBDL-720p.mkv,,AV1 Tier 1 Efficient,dot-worker-2,True,0,357669274,282439950
70788,2026-08-23 23:38:39.863549,1,Sister Wives/Season 7/Sister Wives - S07E07 - From Monogamy to Polygamy WEBDL-480p.26.mp4,,AV1 Tier 1 Efficient,wakko-worker-1,True,0,357585388,362561564
70791,2026-08-23 23:41:43.899466,1,Sister Wives/Season 3/Sister Wives - S03E05 - Defending Polygamy WEBDL-480p.26.mp4,,AV1 Tier 1 Efficient,dot-worker-2,True,0,357522473,361774240
70890,2026-08-24 01:33:45.129023,1,Sister Wives/Season 6/Sister Wives - S06E10 - Polygamist Marriage Therapy WEBDL-480p.26.mp4,,AV1 Tier 1 Efficient,wakko-worker-1,True,0,353422541,359621206
70898,2026-08-24 01:41:05.848070,1,NCIS - Origins/Season 1/NCIS - Origins - S01E16 - Bugs HDTV-720p.mkv,,AV1 Tier 1 Efficient,I9-2024,True,0,353160397,302450800
70915,2026-08-24 01:56:15.053947,1,The Graham Norton Show/Season 28/The Graham Norton Show - S28E05 - Episode 5 HDTV-720p.mkv,,AV1 Tier 1 Efficient,I9-2024,True,0,352824852,365214860
70931,2026-08-24 02:10:51.630116,1,American Pickers/Season 2026/American Pickers - S2026E02 - Southern Charm HDTV-720p.mkv,,AV1 Tier 1 Efficient,dot-worker-2,True,0,352594166,381578478
70935,2026-08-24 02:14:13.630326,1,Sister Wives/Season 6/Sister Wives - S06E14 - While the Wives Are Away WEBDL-480p.26.mp4,,AV1 Tier 1 Efficient,I9-2024,True,0,352478822,357311223
71021,2026-08-24 03:47:03.949382,1,Sister Wives/Season 10/Sister Wives - S10E07 - Meri Makes Amends WEBDL-480p.mp4,,AV1 Tier 1 Efficient,dot-worker-2,True,0,350140498,357722879
71023,2026-08-24 03:49:11.128965,1,Expedition Unknown/Season 16/Expedition Unknown - S16E04 - The Nazi's Lost Super Sub WEBDL-480p.26.mp4,,AV1 Tier 1 Efficient,I9-2024,True,0,350004183,357765268
71032,2026-08-24 03:57:52.553856,1,Sister Wives/Season 9/Sister Wives - S09E05 - All About Christine WEBDL-480p.mp4,,AV1 Tier 1 Efficient,wakko-worker-1,True,0,349783982,353406803
71074,2026-08-24 04:52:43.078790,1,Sister Wives/Season 4/Sister Wives - S04E01 - Sister Wives Separated WEBDL-480p.26.mp4,,AV1 Tier 1 Efficient,wakko-worker-1,True,0,348043346,354101214
71077,2026-08-24 04:57:56.078573,1,"The Seven Deadly Sins/Season 4/The Seven Deadly Sins - S04E07 - Hope, Conflict, and Despair HDTV-1080p.mkv",,AV1 Tier 1 Efficient,wakko-worker-1,True,0,347959460,355435701
71096,2026-08-24 05:18:50.028128,1,Dexter/Season 2/Dexter - S02E10 - There's Something About Harry Bluray-720p.36.mp4,,AV1 Tier 1 Efficient,dot-worker-2,True,0,347288371,359034376
71106,2026-08-24 05:31:19.845327,1,Sister Wives/Season 9/Sister Wives - S09E08 - Robyn's Big Announcement WEBDL-480p.mp4,,AV1 Tier 1 Efficient,dot-worker-1,True,0,346858455,353122185
71108,2026-08-24 05:33:27.704738,1,The Graham Norton Show/Season 33/The Graham Norton Show - S33E14 - Episode 14 HDTV-720p.mkv,,AV1 Tier 1 Efficient,I9-2024,True,0,346638254,330738069
71154,2026-08-24 06:29:50.985481,1,Hell on Wheels/Season 5/Hell on Wheels - S05E12 - Any Sum Within Reason HDTV-720p.mkv,,AV1 Tier 1 Efficient,dot-worker-1,True,0,345149276,349819177
71164,2026-08-24 06:42:51.302741,1,Sister Wives/Season 2/Sister Wives - S02E02 - Free Range Browns WEBDL-480p.26.mp4,,AV1 Tier 1 Efficient,I9-2024,True,0,344971018,350040475
71179,2026-08-24 07:04:12.019603,1,Paradise PD/Season 3/Paradise PD - S03E01 - Fallout HDTV-1080p.mkv,,AV1 Tier 1 Efficient,I9-2024,True,0,344488673,273458043
71202,2026-08-24 07:32:05.628200,1,Sister Wives/Season 5/Sister Wives - S05E02 - Kody Begs For an Answer WEBDL-480p.26.mp4,,AV1 Tier 1 Efficient,mediavortex-workers-worker-1,True,0,343765156,349791456
71246,2026-08-24 08:18:01.539703,1,Dexter/Season 1/Dexter - S01E04 - Let's Give the Boy a Hand Bluray-720p.36.mp4,,AV1 Tier 1 Efficient,wakko-worker-1,True,0,342800466,353773293
71255,2026-08-24 08:29:14.583388,1,Sister Wives/Season 9/Sister Wives - S09E09 - A Judge Decides WEBDL-480p.mp4,,AV1 Tier 1 Efficient,dot-worker-1,True,0,342213263,347906666
71300,2026-08-24 09:17:14.335732,1,P-Valley/Season 2/P-Valley - S02E02 - Seven Pounds of Pressure WEBRip-480p.mp4,,AV1 Tier 1 Efficient,I9-2024,True,0,340063683,346620741
71354,2026-08-24 10:25:05.500789,1,Sister Wives/Season 6/Sister Wives - S06E17 - Celebration Countdown WEBDL-480p.26.mp4,,AV1 Tier 1 Efficient,wakko-worker-1,True,0,338165760,344281252
71355,2026-08-24 10:25:08.807326,1,The Seven Deadly Sins/Season 1/The Seven Deadly Sins - S01E03 - Sin of the Sleeping Forest HDTV-1080p.mkv,,AV1 Tier 1 Efficient,I9-2024,True,0,338102845,343442795
71397,2026-08-24 11:16:11.131079,1,Sister Wives/Season 6/Sister Wives - S06E16 - Tragedy In The Family WEBDL-480p.26.mp4,,AV1 Tier 1 Efficient,I9-2024,True,0,336299295,342871623
71429,2026-08-24 11:51:53.128936,1,Project Runway/Season 9/Project Runway - S09E06 - Art of the Matter WEBDL-480p.26.mp4,,AV1 Tier 1 Efficient,wakko-worker-1,True,0,334988575,341913700
71445,2026-08-24 12:12:49.355685,1,Sister Wives/Season 3/Sister Wives - S03E01 - The Announcement WEBDL-480p.26.mp4,,AV1 Tier 1 Efficient,I9-2024,True,0,334380401,338118908
71449,2026-08-24 12:16:40.936240,1,Dexter/Season 4/Dexter - S04E06 - If I Had a Hammer Bluray-720p.36.mp4,,AV1 Tier 1 Efficient,wakko-worker-1,True,0,334317486,345221125
71458,2026-08-24 12:24:40.913636,1,Sister Wives/Season 5/Sister Wives - S05E03 - More Sister Wives! WEBDL-480p.26.mp4,,AV1 Tier 1 Efficient,dot-worker-1,True,0,333908541,339533734
71503,2026-08-24 13:25:25.717812,1,Project Runway/Season 9/Project Runway - S09E08 - What Women Want WEBDL-480p.26.mp4,,AV1 Tier 1 Efficient,I9-2024,True,0,331905761,338840472
71509,2026-08-24 13:31:12.722753,1,Hell on Wheels/Season 4/Hell on Wheels - S04E02 - Escape from the Garden Bluray-480p.mkv,,AV1 Tier 1 Efficient,dot-worker-2,True,0,331727503,341631568
71510,2026-08-24 13:34:33.085709,1,The Seven Deadly Sins/Season 1/The Seven Deadly Sins - S01E02 - The Sword of the Holy Knight HDTV-1080p.mkv,,AV1 Tier 1 Efficient,wakko-worker-1,True,0,331675075,337362282
71518,2026-08-24 13:42:55.655252,1,Sister Wives/Season 3/Sister Wives - S03E09 - College-Bound Browns WEBDL-480p.26.mp4,,AV1 Tier 1 Efficient,dot-worker-1,True,0,331591188,336545304
71527,2026-08-24 13:54:23.370433,1,Project Runway/Season 9/Project Runway - S09E02 - My Pet Project WEBDL-480p.26.mp4,,AV1 Tier 1 Efficient,mediavortex-workers-worker-1,True,0,331287101,338053257
71532,2026-08-24 13:59:07.013894,1,Sister Wives/Season 6/Sister Wives - S06E11 - Mother-in-Law Invasion WEBDL-480p.26.mp4,,AV1 Tier 1 Efficient,dot-worker-2,True,0,331182244,336669354
71547,2026-08-24 14:23:20.707475,1,Sister Wives/Season 4/Sister Wives - S04E11 - Leaving the Nest WEBDL-480p.26.mp4,,AV1 Tier 1 Efficient,dot-worker-1,True,0,330825728,336748764
71584,2026-08-24 15:05:42.761610,1,Sister Wives/Season 4/Sister Wives - S04E02 - Polygamist Date Night WEBDL-480p.26.mp4,,AV1 Tier 1 Efficient,mediavortex-workers-worker-2,True,0,329777152,335875298
71602,2026-08-24 15:29:50.008067,1,Dexter/Season 3/Dexter - S03E08 - The Damage a Man Can Do Bluray-720p.36.mp4,,AV1 Tier 1 Efficient,wakko-worker-1,True,0,329064120,340189895
71613,2026-08-24 15:47:48.962571,1,The Boys/Season 2/The Boys - S02E04 - Nothing Like it in the World Bluray-480p.mp4,,AV1 Tier 1 Efficient,wakko-worker-1,True,0,328714496,333994355
71629,2026-08-24 16:05:06.158275,1,Sister Wives/Season 6/Sister Wives - S06E01 - Picking Up the Pieces WEBDL-480p.26.mp4,,AV1 Tier 1 Efficient,dot-worker-1,True,0,327963116,333155219
71632,2026-08-24 16:07:49.996594,1,Survivor/Season 35/Survivor - S35E13 - The Survivor Devil WEBDL-480p.mp4,,AV1 Tier 1 Efficient,wakko-worker-1,True,0,327868744,334392912
71675,2026-08-24 16:51:34.848799,1,Project Runway/Season 21/Project Runway - S21E03 - Boring to Brilliant HDTV-720p.mkv,,AV1 Tier 1 Efficient,dot-worker-1,True,0,326799196,346823587
71684,2026-08-24 16:59:27.017563,1,Sister Wives/Season 2/Sister Wives - S02E10 - Gambling on the Future WEBDL-480p.26.mp4,,AV1 Tier 1 Efficient,I9-2024,True,0,326578995,331202095
71696,2026-08-24 17:14:33.908016,1,Sister Wives/Season 14/Sister Wives - S14E07 - Why Not One House WEBDL-480p.mp4,,AV1 Tier 1 Efficient,dot-worker-1,True,0,326159565,330252316
71729,2026-08-24 17:46:50.406724,1,The Secret Lives of Mormon Wives/Season 3/The Secret Lives of Mormon Wives - S03E03 - The Book of Demi WEBDL-480p.mp4,,AV1 Tier 1 Efficient,dot-worker-1,True,0,325152932,334531265
71731,2026-08-24 17:48:53.393148,1,The Boys/Season 1/The Boys - S01E05 - Good for the Soul WEBRip-480p.mp4,,AV1 Tier 1 Efficient,I9-2024,True,0,325072929,332112733
71747,2026-08-24 18:02:58.153807,1,Hell on Wheels/Season 4/Hell on Wheels - S04E13 - Further West Bluray-480p.mkv,,AV1 Tier 1 Efficient,I9-2024,True,0,324660101,334492096
71769,2026-08-24 18:23:12.030481,1,The Pitt/Season 2/The Pitt - S02E01 - 7-00 A.M WEBDL-480p.mp4,,AV1 Tier 1 Efficient,I9-2024,True,0,324020470,328558541
71813,2026-08-24 18:59:59.062752,1,Dexter/Season 5/Dexter - S05E12 - The Big One Bluray-720p.36.mp4,,AV1 Tier 1 Efficient,I9-2024,True,0,322604892,334754888
71815,2026-08-24 19:02:18.978455,1,Dexter/Season 3/Dexter - S03E04 - All in the Family Bluray-720p.36.mp4,,AV1 Tier 1 Efficient,dot-worker-1,True,0,322489549,331271124
71826,2026-08-24 19:11:40.957593,1,Sister Wives/Season 6/Sister Wives - S06E04 - Odd Wife Out WEBDL-480p.26.mp4,,AV1 Tier 1 Efficient,dot-worker-1,True,0,322206433,327442125
71879,2026-08-24 20:02:40.074933,1,Project Runway/Season 13/Project Runway - S13E07 - Priceless Runway WEBDL-480p.26.mp4,,AV1 Tier 1 Efficient,wakko-worker-1,True,0,320665027,327243082
71938,2026-08-24 20:48:52.772885,1,The Boys/Season 2/The Boys - S02E08 - What I Know WEBRip-480p.mp4,,AV1 Tier 1 Efficient,dot-worker-2,True,0,320036427,326634318
71951,2026-08-24 20:58:25.743302,1,Sister Wives/Season 7/Sister Wives - S07E02 - Polygamists In A Shark Tank WEBDL-480p.26.mp4,,AV1 Tier 1 Efficient,mediavortex-workers-worker-2,True,0,319836652,324851366
71956,2026-08-24 21:02:58.399670,1,Sister Wives/Season 3/Sister Wives - S03E12 - Sisters' Special Delivery WEBDL-480p.26.mp4,,AV1 Tier 1 Efficient,dot-worker-2,True,0,319763251,325953797
71975,2026-08-24 21:21:51.010961,1,Call the Midwife/Season 15/Call the Midwife - S15E03 - Episode 3 WEBDL-480p.26.mp4,,AV1 Tier 1 Efficient,dot-worker-1,True,0,319134106,326950483
72010,2026-08-24 21:54:25.993280,1,Dexter/Season 6/Dexter - S06E01 - Those Kinds of Things Bluray-720p.36.mp4,,AV1 Tier 1 Efficient,dot-worker-1,True,0,318043587,323185129
72019,2026-08-24 22:05:13.389737,1,The Blacklist/Season 8/The Blacklist - S08E22 - Konets HDTV-720p.mp4,,AV1 Tier 1 Efficient,dot-worker-1,True,0,317865329,328109265
72022,2026-08-24 22:07:46.128927,1,The Boys/Season 2/The Boys - S02E02 - Proper Preparation and Planning Bluray-480p Proper.mp4,,AV1 Tier 1 Efficient,wakko-worker-1,True,0,317840106,321553673
72025,2026-08-24 22:09:59.180458,1,Dexter/Season 2/Dexter - S02E11 - Left Turn Ahead Bluray-720p.36.mp4,,AV1 Tier 1 Efficient,dot-worker-1,True,0,317802414,328912127
72040,2026-08-24 22:26:12.889288,1,Sister Wives/Season 15/Sister Wives - S15E01 - Being Strong Or Being A Bitch WEBDL-480p.26.mp4,,AV1 Tier 1 Efficient,I9-2024,True,0,317372498,321964982
72045,2026-08-24 22:30:08.147647,1,The Flash (2014)/Season 3/The Flash (2014) - S03E01 - Flashpoint HDTV-720p.mp4,,AV1 Tier 1 Efficient,I9-2024,True,0,317301760,324833846
72056,2026-08-24 22:43:11.526547,1,Hell on Wheels/Season 5/Hell on Wheels - S05E06 - Hungry Ghosts Bluray-480p.mkv,,AV1 Tier 1 Efficient,I9-2024,True,0,316890153,326896149
72098,2026-08-24 23:20:01.548786,1,The Pitt/Season 1/The Pitt - S01E15 - 9-00 P.M WEBDL-480p.26.mp4,,AV1 Tier 1 Efficient,wakko-worker-1,True,0,315862548,319891070
72204,2026-08-25 00:34:40.120699,1,Dexter/Season 4/Dexter - S04E04 - Dex Takes a Holiday Bluray-720p.36.mp4,,AV1 Tier 1 Efficient,I9-2024,True,0,314520371,325545668
72210,2026-08-25 00:41:03.977046,1,The Secret Lives of Mormon Wives/Season 3/The Secret Lives of Mormon Wives - S03E05 - The Book of Resurrection WEBDL-480p.mp4,,AV1 Tier 1 Efficient,dot-worker-2,True,0,314425999,324476892
72215,2026-08-25 00:44:41.683482,1,Yosuga no Sora/Season 1/Yosuga no Sora - S01E01 - Migiwa Kazuha Arc I - Distant Memories HDTV-720p.mkv,,AV1 Tier 1 Efficient,wakko-worker-1,True,0,314321142,318005533
72224,2026-08-25 00:52:48.967966,1,Project Runway/Season 7/Project Runway - S07E07 - Hard Wear WEBDL-480p.26.mp4,,AV1 Tier 1 Efficient,I9-2024,True,0,314163855,322013507
72251,2026-08-25 01:15:22.773840,1,Project Runway/Season 7/Project Runway - S07E13 - Finale (1) WEBDL-480p.26.mp4,,AV1 Tier 1 Efficient,wakko-worker-1,True,0,313545196,320826062
72325,2026-08-25 02:20:49.465910,1,The Pitt/Season 1/The Pitt - S01E12 - 6-00 P.M WEBDL-480p.26.mp4,,AV1 Tier 1 Efficient,wakko-worker-1,True,0,311301243,320045768
72379,2026-08-25 03:07:59.822796,1,Project Runway/Season 13/Project Runway - S13E09 - American Girl Doll WEBDL-480p.mp4,,AV1 Tier 1 Efficient,I9-2024,True,0,310137324,316012499
72469,2026-08-25 04:27:01.710655,1,The Seven Deadly Sins/Season 1/The Seven Deadly Sins - S01E18 - Even If It Costs Me My Life HDTV-1080p.mkv,,AV1 Tier 1 Efficient,wakko-worker-1,True,0,308291830,313884576
72525,2026-08-25 05:14:53.168512,1,Dexter/Season 1/Dexter - S01E05 - Love American Style Bluray-720p.36.mp4,,AV1 Tier 1 Efficient,dot-worker-1,True,0,307064996,319525350
72576,2026-08-25 05:58:24.501225,1,The Legend of Korra/Season 2/The Legend of Korra - S02E14 - Light in the Dark WEBRip-720p.mp4,,AV1 Tier 1 Efficient,I9-2024,True,0,306021209,164729079
72654,2026-08-25 06:54:05.135985,1,Scorpion/Season 3/Scorpion - S03E12 - Ice Ca-Cabes WEBRip-720p.mp4,,AV1 Tier 1 Efficient,wakko-worker-1,True,0,304433070,299877354
72661,2026-08-25 06:58:53.715904,1,Sister Wives/Season 9/Sister Wives - S09E03 - All About Janelle WEBDL-480p.mp4,,AV1 Tier 1 Efficient,wakko-worker-1,True,0,304307241,308173513
72671,2026-08-25 07:09:02.166743,1,"Dexter/Season 4/Dexter - S04E11 - Hello, Dexter Morgan Bluray-720p.36.mp4",,AV1 Tier 1 Efficient,dot-worker-1,True,0,304076554,314416287
72679,2026-08-25 07:15:54.154111,1,Survivor/Season 19/Survivor - S19E06 - This Is the Man Test WEBDL-480p.mp4,,AV1 Tier 1 Efficient,wakko-worker-1,True,0,303908782,309941481
72704,2026-08-25 07:35:42.808033,1,The Seven Deadly Sins/Season 2/The Seven Deadly Sins - S02E02 - Existence and Proof HDTV-1080p.mkv,,AV1 Tier 1 Efficient,I9-2024,True,0,303384494,302079958
72712,2026-08-25 07:39:59.386793,1,Dexter/Season 4/Dexter - S04E08 - Road Kill Bluray-720p.36.mp4,,AV1 Tier 1 Efficient,I9-2024,True,0,303164293,313852908
72733,2026-08-25 07:55:22.139383,1,The Deuce/Season 2/The Deuce - S02E09 - Inside the Pretend Bluray-480p.mp4,,AV1 Tier 1 Efficient,I9-2024,True,0,302650491,302741498
72737,2026-08-25 07:58:41.810092,1,Dexter/Season 5/Dexter - S05E04 - Beauty and the Beast Bluray-720p.36.mp4,,AV1 Tier 1 Efficient,I9-2024,True,0,302577091,313512211
72765,2026-08-25 08:19:07.091814,1,The Seven Deadly Sins/Season 2/The Seven Deadly Sins - S02E01 - Revival of the Demon Clan HDTV-1080p.mkv,,AV1 Tier 1 Efficient,wakko-worker-1,True,0,301947945,300412584
72830,2026-08-25 09:12:06.258183,1,The Graham Norton Show/Season 27/The Graham Norton Show - S27E09 - Compilation HDTV-720p.mkv,,AV1 Tier 1 Efficient,dot-worker-1,True,0,300521882,308827619
72860,2026-08-25 09:37:33.878671,1,Project Runway/Season 7/Project Runway - S07E08 - The Elements of Fashion WEBDL-480p.26.mp4,,AV1 Tier 1 Efficient,I9-2024,True,0,299567677,307128104
73191,2026-08-25 16:23:21.533317,1,Outlander/Season 1/Outlander - S01E10 - By the Pricking of My Thumbs Bluray-480p.mp4,,AV1 Tier 1 Efficient,wakko-worker-1,True,0,292332503,301768748
73221,2026-08-25 17:19:44.397189,1,The Secret Lives of Mormon Wives/Season 3/The Secret Lives of Mormon Wives - S03E09 - The Book of Judgement WEBDL-480p.mp4,,AV1 Tier 1 Efficient,dot-worker-1,True,0,291776758,301263839
73224,2026-08-25 17:24:22.735469,1,Project Runway/Season 7/Project Runway - S07E11 - Sew Much Pressure WEBDL-480p.26.mp4,,AV1 Tier 1 Efficient,wakko-worker-1,True,0,291682386,299806572
73225,2026-08-25 17:25:15.273420,1,The Secret Lives of Mormon Wives/Season 3/The Secret Lives of Mormon Wives - S03E06 - The Book of Confrontation WEBDL-480p.mp4,,AV1 Tier 1 Efficient,dot-worker-2,True,0,291682386,298358003
73234,2026-08-25 17:38:33.824103,1,The Secret Lives of Mormon Wives/Season 3/The Secret Lives of Mormon Wives - S03E10 - The Book of Enlightenment WEBDL-480p.mp4,,AV1 Tier 1 Efficient,wakko-worker-1,True,0,291430728,302908466
73309,2026-08-25 19:37:45.378153,1,Dexter/Season 1/Dexter - S01E06 - Return to Sender Bluray-720p.36.mp4,,AV1 Tier 1 Efficient,wakko-worker-1,True,0,290025636,300233616
73317,2026-08-25 19:53:27.066549,1,Outlander/Season 6/Outlander - S06E08 - I Am Not Alone Bluray-480p.26.mp4,,AV1 Tier 1 Efficient,mediavortex-workers-worker-2,True,0,289857864,269068190
73328,2026-08-25 20:10:50.402383,1,Dexter/Season 5/Dexter - S05E08 - Take It! Bluray-720p.36.mp4,,AV1 Tier 1 Efficient,wakko-worker-1,True,0,289522319,301445976
73373,2026-08-25 21:30:42.809064,1,Dexter/Season 7/Dexter - S07E09 - Helter Skelter Bluray-720p.36.mp4,,AV1 Tier 1 Efficient,wakko-worker-1,True,0,288442286,293399978
73412,2026-08-25 22:32:59.070267,1,House/Season 2/House - S02E04 - TB or Not TB Bluray-480p.26.mp4,,AV1 Tier 1 Efficient,mediavortex-workers-worker-1,True,0,287792169,292618723
73450,2026-08-25 23:33:39.550634,1,Dog Whisperer/Season 4/Dog Whisperer - S04E21 - Rufus and Buddy HDTV-720p.mkv,,AV1 Tier 1 Efficient,I9-2024,True,0,2122108109,426156859
73460,2026-08-25 23:44:26.001542,1,Dog Whisperer/Season 5/Dog Whisperer - S05E07 - Sadie and Calder WEBDL-1080p.mkv,,AV1 Tier 1 Efficient,I9-2024,True,0,1550099415,425480691
73464,2026-08-25 23:47:02.794587,1,"Dog Whisperer/Season 7/Dog Whisperer - S07E14 - Seven, Macy, and Lex (Closet Cases) WEBDL-1080p.mkv",,AV1 Tier 1 Efficient,I9-2024,True,0,1549795328,426509049
73465,2026-08-25 23:50:03.176953,1,Dog Whisperer/Season 5/Dog Whisperer - S05E11 - A Member of the Family WEBDL-1080p.mkv,,AV1 Tier 1 Efficient,I9-2024,True,0,1545171108,433323922
73471,2026-08-25 23:55:52.819337,1,"Dog Whisperer/Season 2/Dog Whisperer - S02E18 - Bikini, Fella, and Winston & Oliver WEBDL-1080p.mkv",,AV1 Tier 1 Efficient,I9-2024,True,0,1541679350,434699584
73540,2026-08-26 01:32:19.042140,1,The Pitt/Season 1/The Pitt - S01E11 - 5-00 P.M WEBDL-480p.26.mp4,,AV1 Tier 1 Efficient,wakko-worker-1,True,0,285988618,295850514
73642,2026-08-26 04:17:17.654688,1,The Deuce/Season 1/The Deuce - S01E04 - I See Money Bluray-480p.mp4,,AV1 Tier 1 Efficient,wakko-worker-1,True,0,285181215,288894600
73668,2026-08-26 05:38:48.253340,1,Dexter/Season 5/Dexter - S05E05 - First Blood Bluray-720p.36.mp4,,AV1 Tier 1 Efficient,wakko-worker-1,True,0,284709356,295310234
73888,2026-08-26 11:43:19.629809,1,House/Season 4/House - S04E07 - Ugly Bluray-480p.26.mp4,,AV1 Tier 1 Efficient,dot-worker-2,True,0,280546509,290197787
73917,2026-08-26 12:31:43.496214,1,The Boys/Season 4/The Boys - S04E01 - Department of Dirty Tricks HDTV-720p.mp4,,AV1 Tier 1 Efficient,dot-worker-1,True,0,279930786,305580264
73987,2026-08-26 14:39:10.934556,1,"Project Runway/Season 11/Project Runway - S11E12 - Europe, Here We Come WEBDL-480p.26.mp4",,AV1 Tier 1 Efficient,dot-worker-1,True,0,278459843,284112757
73991,2026-08-26 14:45:04.395070,1,The Boys/Season 2/The Boys - S02E05 - We Gotta Go Now WEBRip-480p.mp4,,AV1 Tier 1 Efficient,wakko-worker-1,True,0,278401359,284418846
74078,2026-08-26 17:16:59.875529,1,Dexter/Season 2/Dexter - S02E01 - It's Alive! Bluray-720p.36.mp4,,AV1 Tier 1 Efficient,dot-worker-1,True,0,276803092,287912675
74088,2026-08-26 17:30:37.307382,1,The Pitt/Season 2/The Pitt - S02E03 - 9-00 A.M WEBDL-480p.mp4,,AV1 Tier 1 Efficient,dot-worker-1,True,0,276603863,280941982
74097,2026-08-26 17:44:39.682671,1,Forged in Fire/Season 3/Forged in Fire - S03E05 - Kora Sword HDTV-480p.mp4,,AV1 Tier 1 Efficient,mediavortex-workers-worker-1,True,0,276478106,278614198
74128,2026-08-26 18:38:07.699676,1,House/Season 1/House - S01E10 - Histories Bluray-480p.26.mp4,,AV1 Tier 1 Efficient,dot-worker-1,True,0,275481887,285832706
74141,2026-08-26 19:02:47.232099,1,The Boys/Season 4/The Boys - S04E06 - Dirty Business HDTV-720p.mp4,,AV1 Tier 1 Efficient,dot-worker-1,True,0,275189257,301289756
74153,2026-08-26 19:20:03.568274,1,The Pitt/Season 1/The Pitt - S01E04 - 10-00 A.M WEBRip-480p.26.mp4,,AV1 Tier 1 Efficient,dot-worker-2,True,0,275072942,279308993
74173,2026-08-26 19:44:40.849609,1,Dexter/Season 7/Dexter - S07E03 - Buck the System Bluray-720p.36.mp4,,AV1 Tier 1 Efficient,mediavortex-workers-worker-1,True,0,274548654,279304970
74220,2026-08-26 20:55:07.057439,1,Squid Girl/Season 2/Squid Girl - S02E12 - Practice Makes Squid Perfect!! + Ink That a Festival!! Bluray-720p.mp4,,AV1 Tier 1 Efficient,dot-worker-1,True,0,273772708,272860521
74240,2026-08-26 21:29:05.125793,1,Criminal Minds/Season 13/Criminal Minds - S13E10 - Submerged HDTV-720p Proper.26.mp4,,AV1 Tier 1 Efficient,dot-worker-2,True,0,273562993,277843153
74274,2026-08-26 22:28:21.954000,1,Bunk'd/Season 2/Bunk'd - S02E06 - Luke Out Below HDTV-480p.mp4,,AV1 Tier 1 Efficient,dot-worker-2,True,0,273048398,274680186
74305,2026-08-26 23:27:34.495024,1,Human Resources (2022)/Season 1/Human Resources (2022) - S01E09 - It's Almost Over WEBRip-480p.mp4,,AV1 Tier 1 Efficient,dot-worker-2,True,0,272231301,249683899
74352,2026-08-27 00:36:26.828304,1,Human Resources (2022)/Season 1/Human Resources (2022) - S01E08 - The Light WEBRip-480p.mp4,,AV1 Tier 1 Efficient,dot-worker-1,True,0,271497298,249360964
74357,2026-08-27 00:42:40.400805,1,Robin Hood (2025)/Season 1/Robin Hood (2025) - S01E07 - Thieves with Purpose WEBDL-480p.26.mp4,,AV1 Tier 1 Efficient,dot-worker-1,True,0,271455355,285963639
74359,2026-08-27 00:45:15.284330,1,Forged in Fire/Season 5/Forged in Fire - S05E07 - The Karabela HDTV-480p.mp4,,AV1 Tier 1 Efficient,dot-worker-2,True,0,271434836,276733070
74442,2026-08-27 02:55:06.293808,1,Human Resources (2022)/Season 1/Human Resources (2022) - S01E05 - Love in the Time of Postpartum WEBRip-480p.mp4,,AV1 Tier 1 Efficient,dot-worker-1,True,0,270155121,247782150
74458,2026-08-27 03:19:52.601480,1,Daimidaler - Prince vs. Penguin Empire/Season 1/Daimidaler - Prince vs. Penguin Empire - S01E10 - Invoke! Joseph's Symbol Bluray-720p.mp4,,AV1 Tier 1 Efficient,dot-worker-1,True,0,269892977,274628029
74510,2026-08-27 04:35:48.927853,1,Dexter/Season 7/Dexter - S07E06 - Do the Wrong Thing Bluray-720p.36.mp4,,AV1 Tier 1 Efficient,dot-worker-2,True,0,269085573,273330617
74535,2026-08-27 05:18:05.570674,1,Forged in Fire/Season 3/Forged in Fire - S03E12 - The Zweihander HDTV-480p.mp4,,AV1 Tier 1 Efficient,wakko-worker-1,True,0,268500171,270465769
74694,2026-08-27 09:47:19.105174,1,Dexter/Season 6/Dexter - S06E02 - Once Upon a Time Bluray-720p.36.mp4,,AV1 Tier 1 Efficient,wakko-worker-1,True,0,265698673,269946184
74716,2026-08-27 10:24:55.093095,1,The Secret Lives of Mormon Wives/Season 3/The Secret Lives of Mormon Wives - S03E02 - The Book of Fidelity WEBDL-480p.mp4,,AV1 Tier 1 Efficient,wakko-worker-1,True,0,265436529,275017002
74750,2026-08-27 11:18:43.810704,1,Star Wars Rebels/Season 1/Star Wars Rebels - S01E12 - Rebel Resolve (1) WEBDL-720p.mp4,,AV1 Tier 1 Efficient,wakko-worker-1,True,0,264912241,264963252
74794,2026-08-27 12:30:04.220619,1,Heroes/Season 2/Heroes - S02E07 - Out of Time Bluray-1080p.mkv,"Transcode failed: Transcoding failed with return code 3199971767
FFmpeg output tail:
[dca @ 000002188dba2e00] Invalid bit allocation index
[aist#0:1/dts @ 000002188cda8940] [dec:dca @ 000002188cdddbc0] Error submitting packet to decoder: Invalid data found when processing input
[af#0:4 @ 000002188cc98d00] Cannot determine format of input 0:3 after EOF
[af#0:4 @ 000002188cc98d00] Task finished with error code: -1094995529 (Invalid data found when processing input)
[af#0:4 @ 000002188cc98d00] Terminating thread with return code -1094995529 (Invalid data found when processing input)
[aost#0:4/libopus @ 000002188d78d880] [enc:libopus @ 000002188dbaca00] Could not open encoder before EOF
[aost#0:4/libopus @ 000002188d78d880] Task finished with error code: -22 (Invalid argument)
[aost#0:4/libopus @ 000002188d78d880] Terminating thread with return code -22 (Invalid argument)
[out#0/mp4 @ 000002188d130600] Nothing was written into output file, because at least one of its streams received no packets.
frame=    0 fps=0.0 q=19.0 Lsize=       0KiB time=N/A bitrate=N/A speed=N/A elapsed=0:05:42.25",AV1 Tier 1 Efficient,I9-2024,False,0,4694275523,0
